湔江,11
益气活血,11
正品发票,11
百祥,11
假发专用,11
粒特惠装,11
红泰昌,11
硒旺胶囊,11
效期,11
北京翔云,11
沛优,11
血压器,11
口干咽痛,11
海鹤,11
低中频,11
独一味,11
白金版,11
维骨素,11
溃烂,11
同安,11
抗流感,11
保健护理,11
玉米黄素,11
固定带,11
海之净纯,11
德国万曼,11
小孩适用,11
正品补钙,11
芙美松,11
粒盒装,11
万世堂,11
假发发箍,11
橙子味,11
清肺止嗽,11
养肝茶,11
闽食药监,11
晓酵素,11
折现,11
亲净口罩,11
缓急止痛,11
白带多,11
奥米加,11
塑料瓶,11
拉伸牵引,11
暖宝,11
穴位按摩,11
排毒减肥,11
瘦腿,11
冠品园,11
谊婷,11
针灸包,11
金达克宁,11
毛囊炎,11
中低频,11
套餐装,11
片瓶装,11
修复伤口,11
天顺,11
博盈,11
武汉市,11
康兴王华,11
龙人,11
希诺宁,11
嗳气,11
美可婷,11
御道艾条,11
养生坊,11
康星世纪,11
星海,11
泡腾,11
泡脚,11
深证,11
尿路感染,11
排毒美容,11
大理,11
耳部,11
抗菌防尘,11
促销特价,11
件装,11
一次适量,11
司特立,11
纤维素片,11
搭配,11
富恩堂,11
乌灵胶囊,11
喘咳宁片,11
善睡眠,11
为消,11
环形牵引,11
满山红,11
个尿杯,11
通乳颗粒,11
优骨力片,11
欧臣,11
纳曲精,11
轻度烫伤,11
带语音,11
糖水果糖,11
乐频清,11
畏风恶寒,11
超胶原,11
针灸磁疗,11
正品红桃,11
嘉应,11
形美,11
金奥聪,11
华林,11
南京剑桥,11
抗抑郁症,11
仪器,11
辽宁丹东,11
方案,11
单品直降,11
带坐便器,11
儿童孕妇,11
术后疤痕,11
乳胶型,11
完膳生活,11
提高智力,11
深奥,11
黛韵,11
清热消炎,11
江中古优,11
阿兹特,11
产后恢复,11
高原圣果,11
祺笑,11
宁心安神,11
供氧器,11
果王素,11
蛋白含量,11
高端定制,11
镇静助眠,11
银色,11
送杯子,11
红皮,11
男女适用,11
清欣,11
跑步机,11
连动刹车,11
成年男性,11
清理肠道,11
毫升装,11
普通肌肤,11
养乐多,11
鼻通,11
买二送二,11
皮癣,11
莓之宝,11
咳嗽咳痰,11
优玛琳,11
倍佳,11
宝宝金水,11
洋参胶囊,11
肌酸健身,11
夹子,11
金双歧,11
奎克秀,11
川大金钟,11
眼部疲劳,11
体弱,11
卡怡可斯,11
飞燕汤,11
信可舒,11
非转基因,11
健芝缘,11
灵睿型,11
胖大海,11
苦荞面粉,11
验孕条,11
热敷理疗,11
原瓶,11
邦宇,11
牙龈红肿,11
贵州贵阳,11
送护眼仪,11
纯鱼胶,11
明胶,11
试笔,11
外痛经贴,11
明目地,11
送老人,11
云南贝洋,11
青木瓜粉,11
患者,11
替餐包,11
女性健康,11
美克,11
顺鑫祥云,11
野生,11
眼睛,11
舌炎,11
粒鱼油,11
央科藏域,11
保健氧疗,11
猴菇饼干,11
冷敷理疗,11
魔芋胶,11
碧生源牌,11
腰带,11
儿童老人,11
四环,11
乐因,11
腰酸腿软,11
四轮,11
爱尔康,11
北豆根片,11
避孕试纸,11
杰曼斯,11
伸缩式,11
抹茶味,11
国械备,11
耳腔式,11
吸收率高,11
活动饮料,11
粒蜂胶,11
轻巧,11
瑞香,11
硅胶垫,11
香港莎莎,11
银杏胶囊,11
鑫柱养生,11
硅胶,11
万花山,11
含钙镁锌,11
生肌止痛,11
轻畅颗粒,11
减肥功能,11
气垫床,11
无腥味,11
小红莓,11
小麦粉,11
莱康,11
单支,11
茶剂,11
单机,11
必朗士,11
鼎泰和,11
芳迪,11
易得钙,11
促进生长,11
真元,11
腰部不适,11
束腰带,11
乐腾达,11
舒可捷,11
秋冬必备,11
牙齿松动,11
医甲,11
粒欧米伽,11
舒必康,11
太仓,11
保定,11
高度,11
元送礼,11
脘腹冷痛,11
洗牙器,11
川眉,11
发热咳嗽,11
村品,11
加蓓,11
益气健脾,11
第二代,11
送长辈,11
焕颜,11
滋肾,11
纯铜听头,11
方大,11
滋补,11
妇宝颗粒,11
按摩走毯,11
赣药管械,11
中进,11
芬尼康,11
中航,11
越南,11
不带雾化,11
康惠尔,11
中鼎,11
补气健脾,11
梅子类,11
金花企业,11
卫食健字,11
一支装,11
浙江平阳,11
鼻痒鼻塞,11
奥利司他,11
遗精盗汗,11
补钙铁锌,11
持续正,11
参芍片,11
家庭理疗,11
海龙涎,11
强骨素,11
官方直营,11
炙热贴,11
自动关机,11
热疗贴,11
通窍,11
套盒,11
气急,11
福森,11
广州羊城,11
综合剪,11
气罐,11
久保芬,11
精准方便,11
解表清热,11
护理假发,11
胸腹胀满,11
雾化泵,11
可复美,11
除疤,11
康姿,11
雾化杯,11
用于咽炎,11
玛瑙石,11
女士多维,11
爱尔健,11
女性必备,11
烧伤疤痕,11
礼袋,11
平舆冰王,11
仙知,11
擦患处,11
青羊,11
生发,11
贝得宁,11
两罐,11
宝芝林,11
天猫预售,11
全家适用,11
金色,11
月生产,11
丹麦进口,11
私处保养,11
加热型,11
童康片,11
营养补充,11
爱使达,11
大屏语音,11
宛东药业,11
美国安道,11
保湿补水,11
达令,11
施诺敏,11
清凉爽神,11
早孕测试,11
维畅舒,11
复合酵素,11
延时湿巾,11
刮痧梳,11
康叶达,11
葛粉,11
超小型,11
颈椎病等,11
冻干粉,11
肤痒,11
达英,11
大豆油,11
双鹤,11
拜耳医药,11
祥顺,11
健肌,11
创面,11
解酒保肝,11
低卡,11
鼻面罩,11
涑爽,11
拍立减,11
香浓口感,11
哈药总厂,11
正胃片,11
环球营养,11
延吉,11
精细剪,11
皱纹,11
自然饮,11
采瑞,11
清凉消暑,11
防毛燥,11
艾灸棒,11
粒组合装,11
怡爽,11
防曲张,11
胃灼热,11
彩虹杯,11
第号,11
烧伤烫伤,11
神化,11
淫羊,11
善补,11
清洁创面,11
真人堂,11
美春宝,11
天猫,11
果汁饮料,11
户外运动,11
孕晚期,11
纳米钙,11
个底盘,11
穴位,11
单摇床,11
台湾新北,11
日暮里,11
健素灵,11
鹰记维他,11
芦荟素,11
瘦身减肥,11
罐型,11
妊娠检测,11
滋养肌肤,11
食用盐等,11
补充水分,11
自发热,11
圣洁莓,11
直降,11
玫瑰花,11
台酒,11
利咽消肿,11
爱上眼,11
凡卡,11
绍兴振德,11
硅凝胶,11
华盛,11
江门市,11
国仁牌,11
热疗,11
二级压力,11
卫生巾,11
手术包扎,11
恒建,11
清热解暑,11
韶关,11
艾草,11
膀胱炎,11
含漱液,11
致和,11
冷藏,11
国林,11
口气清新,11
艳寿北斋,11
绿色博爱,11
国灸,11
慢性喉炎,11
头发,11
康大夫,11
蓝帽子,11
只用于,11
温经通络,11
华东医药,11
支组合,11
秀之明,11
三元,11
铝塑,11
型号,11
千林正品,11
清凉解热,11
侨光,11
康美瑞,11
搽抹患处,11
肥胖人士,11
爱利安,11
一天一次,11
蓬莱,11
徐州恒发,11
稳择型,11
滴虫性,11
保尔康,11
奇鸟,11
满减,11
外感风寒,11
润肺,11
擦伤等,11
高纯,11
安体欣,11
无激素,11
大江生医,11
米诺地尔,11
强列,11
麦绿素,11
光辉,11
头拔罐,11
增重,11
调月经,11
默森,11
抗皱,11
藻油软糖,11
烷醇片,11
同德,11
瑞福瑞,11
男士多维,11
美乳霜,11
惠氏制药,11
一般型,11
一康堂,11
有效期内,11
卵磷脂各,11
男士洗液,11
每罐,11
斑秃丸,11
瓶更省,11
木糖醇,11
次记忆,11
康力迪,11
品牌正品,11
皮肤褐斑,11
远燕医疗,11
滇红,11
顺博,11
清艾条,11
精威,11
妙丹堂,12
中老年钙,12
减脂,12
补钙胶囊,12
激素皮炎,12
劲通,12
滋阴降火,12
孕前必备,12
菠萝味,12
液体敷料,12
大头,12
安全可靠,12
大德,12
柬埔寨,12
服务,12
叶开泰,12
仿真阳具,12
尿糖试纸,12
钢都,12
舒视康,12
四肢麻痹,12
德良方,12
象王,12
方便快捷,12
祛暑,12
意亭,12
愈创,12
红药贴膏,12
豪礼,12
德国贝朗,12
科迪,12
好竹意,12
安全补硒,12
关节保健,12
泗玥砭道,12
性用品,12
带呼气阀,12
君悦康,12
伊童欣,12
物理牵引,12
永强,12
永安,12
要素,12
脱脂,12
西兰牧场,12
天然正品,12
疝气托,12
科伦,12
愈芙,12
暖畅,12
舒乐搽剂,12
好易康,12
伊春,12
气床垫,12
玫珍饮,12
东方博爱,12
玛卡干片,12
片盒装,12
法国原料,12
补肾填精,12
倩体梅,12
库儿,12
丽贵,12
国食药械,12
用于皮肤,12
唐人发,12
舒静康,12
颈椎按摩,12
盒装送,12
驱蚊贴,12
食管炎,12
禾润,12
咀嚼无力,12
福建漳州,12
祺瑞园,12
比比高,12
归脾颗粒,12
七里香,12
三色堇,12
代替,12
艾森贝尔,12
功能障碍,12
肠润茶,12
喷涂,12
欧敏,12
操作方便,12
第三代,12
义乌,12
放松肌肉,12
天桥牌,12
康迪福,12
修长,12
件套装,12
件套餐,12
色黄,12
氧疗,12
消毒酒精,12
听胎心,12
创伤止血,12
伊莱克斯,12
美白肌肤,12
卡妮丝,12
信丰,12
康心,12
逸动型,12
百草油,12
骨关节病,12
风笛,12
突发伤口,12
汉唐圣方,12
补血滋阴,12
宜空腹服,12
正品特卖,12
网状,12
巴斯特,12
血压波动,12
牙菌斑,12
海普林,12
优尼康,12
戈咪熊,12
珂妍胶囊,12
流鼻涕等,12
飞鸽,12
迎升,12
天营养包,12
祛痰止咳,12
伟力,12
嘉宝,12
万宁正品,12
华慈,12
配电源,12
舒笑,12
保健腰带,12
乌苏里江,12
白加黑,12
杭康,12
长筒,12
卫生防护,12
检测试条,12
润肺开音,12
舒女,12
失眠等,12
施法迪,12
试用,12
黑咖啡,12
吕中,12
泰格,12
艾丝菲,12
档可调,12
芹菜籽,12
倾慕,12
上药,12
红瓶,12
脑血栓,12
瓶维生素,12
安迪西司,12
专利,12
改进型,12
泄泻转筋,12
美纤片,12
斯亚旦,12
复合营养,12
寿星补汁,12
德国拜耳,12
竹制,12
洗脚盆,12
拉伸器,12
延时环,12
综合,12
林恒,12
果味,12
鲁潍,12
慢性腹泻,12
燥湿杀虫,12
加强版,12
枇杷糖,12
蓝荷茶,12
叶飘香,12
北海,12
倍享,12
第一次服,12
普力得,12
抗感颗粒,12
万源,12
鲁东,12
清除烟毒,12
迈博,12
温胃舒片,12
镁片,12
消肿利咽,12
原声,12
顶克,12
修足机,12
酵素膏,12
尚青丝,12
君泰,12
泌尿耗材,12
正品维,12
二甲基砜,12
女人,12
尔可适,12
送钙镁片,12
升级,12
切割伤,12
邦佳,12
华鲁,12
丹参,12
一天一粒,12
风湿骨病,12
磨牙,12
精准型,12
身体虚弱,12
按摩软膏,12
按摩锤,12
红葡萄籽,12
秀儿排卵,12
玫芦,12
咳清胶囊,12
蛋白型,12
荷尔斯,12
美妍,12
儿童口罩,12
感通片,12
眼痒,12
珍珠,12
送钙片,12
胃善,12
频谱,12
苏根,12
抗感冒,12
秦昆,12
驱风油,12
敏感肌肤,12
苏云,12
广州发货,12
卡瑞丝,12
防打结,12
立式大头,12
塔妮珂,12
号口服液,12
宝生园,12
恬倩,12
金华市,12
瑞乐,12
苏宏,12
蛹虫草,12
瓶装礼盒,12
喜拉美,12
尿酸,12
日康,12
支组合装,12
伤疤,12
乐宝,12
盒特价,12
都乐牌,12
脐疝病,12
颐康金维,12
玛咖压片,12
民盛,12
爱尔明,12
非软胶囊,12
老人助行,12
天然砭石,12
赛诺维,12
辛可,12
益富清,12
亚宝药业,12
护眼明目,12
护创作用,12
低噪音,12
外用辅料,12
厂家,12
漏尿,12
国光天王,12
百贝丽,12
针灸治疗,12
兰美抒,12
胶体溶液,12
单摇,12
参维灵片,12
哈瑞美,12
浆果味,12
检查,12
美蝶,12
太原,12
虫草粉,12
振君草,12
正大九力,12
医用剪刀,12
小球藻,12
固玉堂,12
乳母期,12
台塑生医,12
妇舒康,12
挂耳,12
首次加倍,12
送优惠券,12
安妥,12
压疮,12
赤峰天奇,12
依然,12
补益肝肾,12
江中牌,12
中丹,12
蓝精灵,12
型制氧机,12
强骨胶囊,12
推算盘,12
斜颈,12
前额头痛,12
可芭乐,12
肤康搽剂,12
肽藻粉,12
血压检测,12
中枢,12
修复,12
去黑眼圈,12
多宝乐,12
远力健,12
孚答静,12
天劲,12
生命元素,12
抗菌型,12
拉肚子,12
脱氧酸,12
华绣,12
倍优型,12
旭日欣,12
白玉软膏,12
浙杭械备,12
轩康,12
胰岛素泵,12
佳华,12
真还珠,12
时珍古艾,12
盆底炎症,12
支套装,12
冰王狐克,12
真龙,12
润蓓,12
颈康片,12
莱达,12
木质手柄,12
祥云佳友,12
昆腾,12
魔灵,12
圣奥,12
慈孝邦恩,12
综合型,12
优创,12
柠檬酸,12
蕾沃斯,12
化瘀止痛,12
秘鲁正品,12
小眉,12
注射部位,12
用于急,12
紧急处理,12
康中,12
山梨糖醇,12
彼赛宁,12
中药味,12
神威药业,12
理气调经,12
代餐饮料,12
盖世营养,12
家居清洁,12
良济,12
蓬生源,12
花枝翘,12
康祺,12
天翔,12
双用,12
康亿家,12
正茂,12
清咽舒茶,12
个针头,12
薄荷香型,12
健忘,12
银翘合剂,12
女儿红,12
便秘者,12
营口,12
高吸收,12
创威,12
蛋白奶昔,12
仿皮,12
超大屏幕,12
酿美铺,12
正尔,12
三九生化,12
体温高,12
金开,12
铬酵母片,12
测脂仪,12
七街皇后,12
片咀嚼片,12
克咳,12
小盒装,12
糖果,12
格林恒信,12
喉宝,12
金柯,12
元买,12
二至丸,12
奥乐,12
瓶特惠装,12
迪诺,12
星工牌,12
蛲虫病,12
参苏片,12
清热敛疮,12
造口人群,12
海氧之家,12
牡蛎片,12
松花粉,12
秘鲁玛咖,12
软化瘢痕,12
番茄,12
美国诺奥,12
硼酸软膏,12
唯亭,12
神火,12
凸点螺纹,12
白云峰,12
个疗程,12
冲服,12
具有止血,12
艾叶,12
透明薄膜,12
熊之族,12
果味饮料,12
芊动奶昔,12
单拍无效,12
汉立瑞,12
甲硝唑栓,12
三诺生物,12
小葵花,12
缩泉丸,12
同大,12
肝宝,12
使用方便,12
消证字,12
泰尔制药,12
滴剂胶囊,12
旺方,12
抗疲劳液,12
江山,12
斯必利,12
补差价,12
木制手柄,12
科克兰,12
青岛海诺,12
大便不通,12
兴业,12
术后伤口,12
合辉,12
利贝儿,12
风湿疼痛,12
中国大连,12
白斑遮盖,12
买赠,12
海补,12
好莱坞,12
纤体塑形,12
健脾糖浆,12
一次约,12
专利产品,12
康美保宁,12
台湾昭惠,12
口腔用,12
纤梅饮,12
艾邦,12
腿溃疡,12
伤口清理,12
偏高偏低,12
营养保健,12
更年舒,12
木瓜,12
黄金比例,12
康伊丽,12
峰力,12
萨克斯,12
疲劳乏力,12
降糖型,12
百肤美,12
施锐,12
用于鼻炎,12
制药,12
防裂,12
锌维,12
鲁卫消字,12
魅惑,12
优越型,12
百年云松,12
維生素,12
运动健身,12
爱莫尔,12
峨嵋山,12
两件包邮,12
儿童用药,12
琉璃苣油,12
万单位,12
覆盆子酮,12
原雅塑,12
爱超,12
月经失调,12
光疗,12
传统,12
代温灸膏,12
手部保护,12
蓝莓口味,12
预防细菌,12
盒半价,12
拉士丁,12
燕鱼,12
手拐,12
临海,12
多功能型,12
通经络,12
润宁,12
奶香型,12
快速瘦身,12
美容美白,12
麦艾斯,12
利湿,12
盖世,12
碱性食品,12
护朗,12
送一红桃,12
养血柔肝,12
三葵,12
新亚,12
菊花茶,12
他她爱,12
西沙,12
安堡家康,12
老人型,12
消毒卫士,13
福生堂,13
世仁堂,13
大冢,13
大唐,13
周林,13
一盒装,13
弹力绷带,13
同安堂,13
胃必治,13
零听,13
纽崔绅特,13
秘鲁进口,13
血压监测,13
儿童厌食,13
参芪颗粒,13
经济装,13
诚丰,13
手工艾条,13
暂缺,13
皮炎湿疹,13
蓝梦孕知,13
湘龙堂,13
甲壳质,13
搏尔安,13
冈本纯,13
目赤肿痛,13
爽舒宝,13
颜色随机,13
制造工厂,13
鸡眼贴,13
科晖,13
昌佳,13
月到期,13
温中健脾,13
大便干结,13
化脂酵素,13
胃气痛片,13
拔罐枪,13
测试条,13
肠胃不适,13
翼衡,13
欧亮,13
传国神麒,13
华晨宇版,13
台湾彪仕,13
果果,13
茂昽,13
诺芭康,13
呗呗咖,13
元免费领,13
儿童减半,13
一次一侧,13
舍济,13
清脂净血,13
和胃,13
通窍顺气,13
抗菌防病,13
老年拐杖,13
鼻炎贴,13
姜黄,13
轻便耐用,13
三脚手杖,13
郴州,13
调和阴阳,13
鼻炎等,13
混悬液,13
洁好,13
中国江苏,13
北京怡成,13
好娃友,13
草维锭,13
任仲传,13
轩庆玛卡,13
云药,13
星辉,13
川秀,13
纳豆胶囊,13
广盛原,13
杰瑞婷,13
防静电,13
防衰老,13
板型,13
广德堂,13
仲景牌,13
都梁滴丸,13
上门指导,13
痔疮药,13
横峰,13
普通装,13
测血压仪,13
抗老化,13
约一瓶盖,13
正品原装,13
雷氏牌,13
金枪鱼油,13
橡皮膏,13
惠氏善存,13
琴鸟富元,13
纽崔森特,13
杰康诺,13
九鑫,13
长安,13
威士康欣,13
华峰,13
预防三高,13
假发护理,13
牛奶味,13
魅尔,13
营养液,13
上海庞驰,13
大卫颗粒,13
营养胶囊,13
京食,13
红润,13
红酒素,13
助走器,13
血压异常,13
登冠,13
浙金,13
美仕源,13
改善体质,13
袋一日,13
再送赠品,13
那素达,13
破壁率,13
健康代餐,13
营养全面,13
一个,13
蜜蜂堂,13
安太医,13
精益,13
泰国进口,13
袋正品,13
丰姿,13
华雨,13
蒙雄丹,13
附量具,13
男性备孕,13
试用中心,13
胎音仪,13
燃烧脂肪,13
茶颜,13
降火祛痘,13
安全舒适,13
经痛,13
蔓越莓片,13
吖吖,13
苏春,13
杰欧特,13
佳维,13
预防晕车,13
天猫独家,13
比智高,13
弯全齿,13
莱亚特,13
倍得康,13
啤酒酵母,13
高营养,13
威海市,13
复合肽,13
玛瑙,13
心血管,13
胶布,13
劲椎病,13
赣州,13
喷鼻,13
瑞草,13
瑞腾,13
金乳钙,13
五味子,13
三才集团,13
降火生津,13
觉明,13
离子钙,13
金之纳,13
黄色,13
广东凉茶,13
肺宁胶囊,13
补中益气,13
美薇,13
渭南,13
补充能量,13
震动按摩,13
小巧便携,13
按摩文胸,13
医绅,13
三江源,13
滋润肌肤,13
原花青,13
乐捷复,13
普立,13
豪华版,13
阿胶片,13
食少便溏,13
专用电池,13
德上,13
长效避孕,13
买三送三,13
中宝,13
红花牌,13
每日数次,13
小便失禁,13
鼻腔不适,13
内装,13
解热,13
威海紫光,13
秒杀包邮,13
人体润滑,13
凉果类,13
日本京都,13
抚河,13
几丁聚糖,13
藕来宝,13
秒血糖仪,13
卡令,13
桂食,13
湖北蕲春,13
康恩贝钙,13
片送,13
老寒腿,13
桂西,13
套减,13
限时特惠,13
优朵,13
新生儿,13
美信,13
舒肝解郁,13
白鹤,13
闪电氮泵,13
宜宾,13
除湿痹,13
虫草花,13
号楼,13
足浴,13
孕橙,13
淫羊藿,13
聚氨酯,13
劳损,13
江苏无锡,13
钙镁同补,13
清肺利咽,13
淀粉,13
康文,13
刮痧疗法,13
浙金械备,13
家用医疗,13
仙牌,13
新昂立,13
返现,13
通调气血,13
复方维,13
神奇酵素,13
导尿包,13
鞋垫,13
碘伏,13
麦味地黄,13
芯迈健,13
妙欧,13
慷正,13
好轻松,13
比利时,13
海正,13
瑞年正品,13
大便盆,13
氨糖胶囊,13
中洋药房,13
薇薇安,13
金汇,13
达贺,13
南京优能,13
精乌胶囊,13
金王,13
祛痱止痒,13
馥洁,13
胃药胶囊,13
天津市,13
斯特龙,13
永康锦康,13
山药,13
散风固表,13
神州龙,13
清理伤口,13
威马,13
野葛根粉,13
天康,13
嘉兴市,13
花部屋,13
德美纱,13
巴戟胶囊,13
脚底按摩,13
伉俪春,13
玉森牌,13
卫消,13
博奥因,13
新松医疗,13
虎泉,13
一天三次,13
保护皮肤,13
通便润肠,13
温补肾阳,13
精选,13
去黄褐斑,13
全躺,13
中国浙江,13
调内分泌,13
实捷,13
海天,13
唐缘,13
成人用,13
注射器,13
亿铭,13
辅酵素,13
无味鱼油,13
点震动棒,13
船井,13
宿便,13
超声波,13
六星,13
护肝胶囊,13
天眩清,13
神芦,13
兰兰,13
四川百利,13
隐私包装,13
哺乳期,13
推荐,13
足跟疼痛,13
瑞芝堂,13
一瓶,13
铁锌钙,13
毫升一日,13
有线,13
无限级,13
天一次,13
航空系列,13
头晕目赤,13
一盒请拍,13
头部按摩,13
正品联保,13
维康福,13
普宁安,13
限量,13
尚德,13
剂各,13
上上,13
安准型,13
甲红,13
尼亚燕后,13
补雌激素,13
润津,13
假发必备,13
烟酸片,13
单盒,13
肺部疾病,13
精确检测,13
安康堂,13
瘦身美容,13
白求恩,13
愈美片,13
百消丹,13
子宫脱垂,14
智能秤,14
百真,14
杀菌消炎,14
穴位贴敷,14
孕妇孕前,14
百利,14
康富来维,14
玉屏山,14
葡萄籽粉,14
三诺安信,14
滋补肝肾,14
咀嚼片维,14
肝掌,14
缥缈,14
调胃丹,14
湘江,14
一拔通,14
骏丰频谱,14
克一日,14
燃脂,14
带前轮,14
测量准确,14
日发货,14
每粒装,14
灸疗贴,14
强迫症,14
赛福林,14
一元堂,14
核酸系列,14
祛风除湿,14
苦瓜,14
灵芝茶,14
一把照,14
维生,14
成人每日,14
保心安,14
镁维生素,14
增强记忆,14
补脑,14
大蒜,14
協会,14
大通,14
燕麦力片,14
钢管,14
祛风止痛,14
补血活血,14
张家界,14
振动棒,14
子宫出血,14
山秀,14
养生杯,14
丽安舒,14
云品,14
欧格,14
泓泰,14
李湘推荐,14
健脾除湿,14
薄荷,14
新亚喜乐,14
单次口服,14
郑州博凯,14
信邦,14
矫姿,14
胸胁胀痛,14
孔艾灸盒,14
限时抢购,14
正品现货,14
常规,14
最新到货,14
八珍丸,14
头痛头晕,14
保养卵巢,14
耐磨,14
骨骼健康,14
黄家农庄,14
翰慈堂,14
汉草荟,14
棉花棒,14
好将来,14
和美,14
天然蜂胶,14
粒电池,14
血脂,14
华士康,14
酸痛疼痛,14
磬春堂,14
康芭必,14
淡化疤痕,14
药盒,14
送氧气袋,14
半绒,14
加钙片,14
赛琅,14
四方箄,14
老年耳聋,14
纹理防伪,14
金象正品,14
台式大头,14
枫特,14
可调高度,14
收腹带,14
补钙壮骨,14
局部降温,14
润通胶囊,14
单品常规,14
海参胶囊,14
板装,14
金鸣片,14
臭汗症,14
华圣,14
下单减,14
乳房胀痛,14
三和,14
红光,14
法兰世,14
清大宝贝,14
磅重,14
奥勃抒,14
上肢,14
健康世家,14
瘦之源,14
逸舒长,14
滴于患眼,14
浙温,14
红星,14
腋下型,14
脊髓,14
睡眠打鼾,14
肌肉酸楚,14
痛舒胶囊,14
易立测,14
钙颗粒,14
回春堂,14
丰原,14
漳河,14
黄金系列,14
都康堂,14
喜凯,14
鼻通贴,14
绿色纽澳,14
补肝肾,14
骨痛舒贴,14
鲨鱼肝油,14
臭氧,14
腔骨,14
邦利,14
果情秘语,14
清胃泻火,14
吴裕泰,14
孕妇禁用,14
奶片,14
圆通,14
菲朵,14
失眠健忘,14
玛咖干果,14
女宝,14
全部人群,14
一字夹,14
固效装,14
食品公司,14
美味,14
内标式,14
美体,14
千岛湖,14
波波龙,14
中国山东,14
台湾酵素,14
岐黄,14
钙胶囊,14
厦门新声,14
黄润洁,14
热卖,14
苏中,14
卡瑞丁,14
散剂,14
贝丝特,14
国妆准字,14
铭杰,14
黑升麻,14
无痕接发,14
胃脘胀痛,14
眼干眼涩,14
骨折愈合,14
存正福音,14
外科包扎,14
碘伏棉棒,14
苏苏,14
健佳人,14
维亭超级,14
钙铁锌片,14
支针,14
保证正品,14
刻免,14
件包邮,14
颈肩腰椎,14
按摩乳,14
益力健,14
茶叶,14
洗剂,14
灸热帖,14
宝仙堂,14
盛凯源,14
小柴胡片,14
医疗,14
优芝上品,14
欧诗漫,14
央科,14
冷敷贴,14
华敷,14
背背佳,14
急性鼻炎,14
薏青,14
豆粉,14
栋北二楼,14
脑萎缩,14
通络止痛,14
发夹,14
润昌联合,14
狂乱边缘,14
加钙,14
甘草,14
德源,14
久欣,14
沛尔健,14
清凉舒爽,14
限时促销,14
片含,14
帝药,14
益气补血,14
产妇,14
慢性肝炎,14
护目镜,14
佳乐,14
加湿,14
点津,14
中美华医,14
聚克,14
福达平安,14
安瑞普,14
加热,14
爱侣栓,14
易舒美,14
耐摩擦,14
富丽康,14
增健肌,14
血康宝,14
橙色,14
白银,14
魔盒,14
圣大,14
小兜,14
焱统迪,14
数字显示,14
拔罐减肥,14
强筋壮骨,14
嘉仕力,14
上海康伴,14
泛醇,14
拍卖,14
正胃胶囊,14
宝嫩,14
极品蕲艾,14
记忆功能,14
乐蔚,14
无辐射,14
曹开镛,14
咳嗽咽痛,14
进口鱼油,14
方圆牌,14
透气型,14
酵素咖啡,14
呼吸阻塞,14
婴儿用,14
老婆交代,14
片创可贴,14
青柠,14
滚动,14
野燕麦,14
日本纤衡,14
米吸氧管,14
江西南昌,14
牛脑髓,14
元宁,14
妇科洗液,14
缓士芬,14
清仓秒杀,14
简易型,14
健康卡,14
丸装,14
娜菲尔,14
寒性泄泻,14
女士玛卡,14
达芬蓉,14
一次用量,14
第一制糖,14
樱桃,14
热敏灸盒,14
交大药业,14
包黑炭,14
家用测量,14
希适敏,14
宝莱特,14
防老抗衰,14
排毒清肺,14
怡康,14
犯困,14
艾盾,14
脑力透支,14
黑药管械,14
买三赠一,14
哈美华,14
精子浓度,14
馥莓饮,14
族群,14
清洗鼻腔,14
疏肝解郁,14
粤汕,14
台湾雅思,14
排肠毒,14
养阴清肺,14
雷特威,14
美体瘦身,14
巧致,14
疤痕疙瘩,14
骨髓,14
松华,14
温灸艾条,14
补血益气,14
菇神,14
正品保健,14
柏思康,14
恒山,14
量血压,14
天门,14
脱脂绷带,14
益力佳,14
修身堂,14
积分,14
船牌,14
明目护眼,14
捷易测,14
瑕疵品,14
山东东阿,14
手拧式,14
力保健,14
组织损伤,14
男人保健,14
梦之康,14
带针头,14
瘦身贴,14
消食贴,14
辣妈正传,14
金世,14
燕峰,14
优巢宣颜,14
鑫瑞药业,14
同达,14
咳嗽痰多,14
益智健脑,14
补钙钙片,14
润舒,14
维喜泡泡,14
对颈椎病,14
每日两次,14
关节僵硬,14
增肥,14
花花,14
超顺,14
报韵捷,14
脓庖,14
少发,14
能量补充,14
德国直邮,14
狗皮膏,14
津奉,14
三髓,14
开水泡服,14
除烦安神,14
望子隆,14
通经活络,14
艾千年,14
桃厘丝,14
倒模,14
润乳康,14
一致,14
肾病,14
利德,14
耕海,14
心率监测,15
畅宜,15
冰喉,15
大众,15
最新,15
前列腺贴,15
补品,15
加速愈合,15
丽洁,15
松下电器,15
宁宁,15
浙江湖州,15
施家乐,15
树莓,15
凯程,15
铁笛片,15
健脑灵片,15
天使心语,15
败酱片,15
雅沁,15
问美,15
科苑,15
西尼亚,15
人体秤,15
理气血,15
肚痛丸,15
清肺止咳,15
夜光型,15
金日牌,15
消化酵素,15
罗汉果,15
鹅口疮,15
促销价,15
经典款,15
温经止痛,15
润和生物,15
安全有效,15
钢梳,15
盈奥直营,15
老烂腿,15
多送,15
瓶正品,15
养生,15
蓝莓素,15
祺瑞康,15
益健堂,15
复旦复华,15
痔疮片,15
果冻,15
一次一支,15
奥露娜,15
汪氏,15
普比欧,15
巅峰一号,15
美腿仪,15
益生康健,15
苏药管械,15
雅名,15
万素宝,15
邦德假发,15
美丽小姐,15
益安,15
卫生口罩,15
康希灵宝,15
家用药箱,15
官方,15
补肾强身,15
便秘克星,15
昊邦,15
藿胆片,15
杰瑞特,15
盒送胶原,15
利思利喜,15
痛肿灵,15
顶呱呱,15
粒含,15
资生堂,15
上海冰王,15
美仑美娅,15
送鱼油,15
发之秀,15
三门峡,15
正骨水,15
汝之缘,15
消炎消肿,15
汽车尾气,15
手术切口,15
五寅,15
肉桂,15
沣芝,15
长城,15
退障眼膏,15
简单易用,15
参茸片,15
活谓素,15
洁阴湿巾,15
益体康,15
镇南王,15
包邮械,15
磅装,15
神女峰,15
珍合灵片,15
疏风止痛,15
浙绍,15
称重,15
齐梅,15
倍滋,15
骨节酸痛,15
四叶草,15
鼻腔,15
隆泰,15
登月,15
利咽止痛,15
肝肾滋,15
烧烫伤口,15
东北,15
北方经开,15
京卫,15
正品口服,15
块状,15
狄马泰斯,15
喷雾型,15
小便不利,15
鱼油软糖,15
河南南阳,15
康耐得,15
助老乐,15
新健胃片,15
亿华,15
子午,15
盖无双,15
爱一心,15
茶饮,15
目赤,15
养眼护眼,15
五岁以内,15
水青,15
骨痛贴膏,15
乳酸钙,15
四创,15
瘦身腰带,15
星群清叶,15
延州,15
海之姬,15
极地玉叶,15
超纤锭,15
眩晕症,15
补叶酸,15
疏风散寒,15
护眼配方,15
驱风,15
维璐斯纳,15
测试专用,15
郎依,15
盒共,15
附采血针,15
水疗,15
双黄连片,15
补充多种,15
水果,15
凉血止血,15
优斯纳,15
吉如痕,15
促进睡眠,15
亿菲,15
气雾剂,15
方格式,15
胃酸,15
片体验装,15
蒙欣,15
绿茶肉碱,15
美莉,15
袋套餐,15
消毒棉片,15
拍下立省,15
初元牌,15
七彩云花,15
福通,15
安健,15
粒两瓶装,15
沉香丝,15
植物精华,15
霜菊,15
精乌颗粒,15
古汉,15
医用护腰,15
广东珠海,15
美白饮,15
益君康,15
中唐,15
盒优惠装,15
德康,15
宝树堂,15
限购一件,15
蜜纽康,15
频谱仪,15
防漏膏,15
伸缩,15
佰能,15
维迪爱伲,15
私人定制,15
维核,15
六君子丸,15
海王星辰,15
哈斯托,15
头目眩晕,15
老人拐棍,15
品牌折扣,15
比青根,15
补充剂,15
奥立泰,15
拔气罐,15
钙软糖,15
气垫,15
优洽,15
小巧,15
玛卡精华,15
按摩仪器,15
哈密瓜味,15
快速准确,15
润燥,15
伤风停片,15
复方梨膏,15
脚气病,15
康敷特,15
按摩胸片,15
眼保仪,15
导赤丸,15
藤黄果,15
额温计,15
香港直购,15
两盒,15
金鹿,15
畏寒体虚,15
非玻璃,15
莫柔米,15
抑菌洗液,15
百令片,15
纽西莱特,15
逍遥颗粒,15
辽食,15
段艾柱,15
肥儿滴丸,15
珍医堂,15
纽约直邮,15
立复汀,15
冀食药械,15
高尔宝,15
复合维,15
七咔拉,15
双鹰,15
全场包邮,15
沙溪凉茶,15
金爵,15
金牛,15
福莱西,15
一次一枚,15
新视界,15
特效,15
组送,15
护肝养肝,15
广西南宁,15
盐藻片,15
纯艾条,15
各种人群,15
泻白糖浆,15
金果含片,15
艾灸服,15
木竭胶囊,15
腰部疼痛,15
柴胡滴丸,15
艾熏,15
唐鼎,15
简吧,15
乳糖,15
优尔胶囊,15
孝感,15
儿宝颗粒,15
鑫齐,15
鸿茅药酒,15
芝神堂,15
湘食药监,15
诺益生,15
伍豪,15
个包邮,15
玫瑰果,15
原包装,15
产后腹痛,15
视正,15
虾青素片,15
微滤滤片,15
方便携带,15
致研,15
佳木斯,15
臻溪,15
国发,15
疗疝绷带,15
泰尔正品,15
水果口味,15
造口,15
健与美,15
十月宝贝,15
喷患处,15
神鸟,15
怡邦,15
阻菌,15
通络活血,15
全家优选,15
京御堂,15
三孔,15
西药,15
三头,15
和胃健脾,15
三力,15
三叶,15
孟家庄园,15
一禾,15
半躺,15
进口胶原,15
比色法,15
每袋,15
儿童款,15
无灯,15
健康瘦身,15
清肠通便,15
暑热口渴,15
莱菔子,15
花露水,15
华宝通,15
鼻炎滴剂,15
爱透,15
三合一,15
三精牌,15
孚舒达,15
强寿,15
越桔精华,15
足下垂,15
预防贫血,15
皮肤感染,15
纯棉,15
润唇,15
肠胃调理,15
协新舒,15
养护装,15
皮肤护理,15
安贝特,15
独一生物,15
咔咔寿,15
防冻,15
欢乐购,15
辽食监械,15
相模,15
迎春巨惠,15
申瑞,15
关节痛等,15
乐活原素,16
大促,16
钙锌同补,16
皮肤干燥,16
藏王天宝,16
大枣,16
精美礼盒,16
纽瑞滋,16
止咳贴,16
水土不服,16
伊士情缘,16
无极膏,16
倍立健片,16
火针,16
博盈中农,16
脱屑,16
保龙慷,16
依然美,16
祛风湿,16
口腔异味,16
鄂荆,16
激情,16
元秒杀,16
湘艾,16
香港正品,16
便捷,16
特价产品,16
包邮邦牌,16
昌弘,16
三文鱼油,16
疼痛酸痛,16
艾洛松,16
清凉含片,16
早孕卡,16
好之,16
缓解痉挛,16
博可,16
艾盐包,16
芜湖市,16
治宇,16
北京华素,16
博士,16
老人钙,16
赛美丽滋,16
减轻疼痛,16
调经散寒,16
铁质,16
银翘胶囊,16
山丹,16
盒组合装,16
鼻腔喷雾,16
或赠品,16
颈椎牵引,16
三盒包邮,16
儿童感冒,16
定制,16
胃脘疼痛,16
黑鸡,16
网店,16
温中和胃,16
时光机,16
过滤片,16
脊椎病,16
玻璃火罐,16
滋补气血,16
广药,16
瓶组,16
兆誉隆,16
原料进口,16
彪中堂,16
林海,16
美丽石岛,16
玛咖粉,16
满天星,16
痛克搽剂,16
呼吸急促,16
皮肤科,16
冰糖燕窝,16
生脉颗粒,16
心脏宝,16
三瓶装,16
明原,16
铭雅,16
荣成百合,16
温胃舒,16
泛酸,16
摔伤水泡,16
蜜蜂工坊,16
鼻痂,16
燕园科玛,16
珑抬头,16
消毒处理,16
都梁丸,16
鲁烟,16
高靠背,16
纯粉,16
暖宫调经,16
康祝轮椅,16
倍爱,16
视力宝,16
腰椎病等,16
新款鼻罩,16
白天困倦,16
必胜,16
东乐,16
橄固力,16
承德,16
东康,16
银杏叶片,16
充气轮胎,16
关节炎痛,16
英维达,16
便秘灸,16
档调节,16
黛秀,16
丝塔芙,16
邦民,16
康乃馨,16
牙膏,16
杰富瑞,16
胃病,16
温阳补肾,16
复真药业,16
星酒侣,16
紧俏俏,16
萘普生片,16
健脾养血,16
民舟,16
望林,16
腹泻灸,16
蟹壳素,16
生脉胶囊,16
四孔,16
路志正,16
枸杞,16
涂敷患处,16
医用拐杖,16
天大药业,16
含有,16
婴儿素,16
保健人群,16
不锈钢,16
民泰,16
透气舒适,16
鼻塞等,16
疝敷托,16
纽扣电池,16
活胃散,16
康尚轮椅,16
迪梦姿,16
单位,16
降糖,16
多维爽,16
龙珠软膏,16
折叠拐杖,16
胃脘,16
美鱼,16
空气压力,16
道膳坊,16
安琪,16
越桔,16
安立清,16
金脉搏,16
安易,16
带后手刹,16
浙食药监,16
亮甲,16
对装,16
菲拉玛,16
优能,16
引流管等,16
粒天然,16
中央,16
慧说话,16
达舒通,16
正品五折,16
罗斯科,16
粒一日,16
纤维粉,16
方形,16
甘露,16
补充硒,16
赠尿杯,16
送好礼,16
佰利莱,16
立蒂诺,16
梅子味,16
大袋,16
电极线,16
佛山凯洋,16
欧亚思,16
好侍,16
可润,16
嫩肤,16
圣和,16
补钙片,16
千草美姿,16
头盔,16
拜迪蕾娜,16
仙宫,16
补充天然,16
蒂卡兰丝,16
仙翁,16
孕婕,16
震震环,16
牙痛药水,16
红源达,16
煤气中毒,16
兆康,16
透明型,16
北大荒,16
消炎灵片,16
枫之宝,16
植纤堂,16
成人奶粉,16
三明市,16
独家,16
小蜜丸,16
心诺,16
金星,16
百傲鲨,16
仙蒂,16
角膜白斑,16
天津中新,16
恩美假发,16
日用口罩,16
新国标,16
楚天,16
陪都,16
消脂锭,16
阿胶颗粒,16
豫卫消证,16
缝线,16
带外接电,16
心电仪,16
芙蓉堂,16
保健酒,16
互邦手杖,16
姜黄素,16
一日二次,16
椎管狭窄,16
结膜充血,16
精华素,16
克补,16
饭前服用,16
丁桂,16
小快克,16
脉搏,16
准信,16
缝针,16
手术患者,16
海虹,16
吸收好,16
美泰科技,16
除疤膏,16
艾香,16
康居人,16
精华胶囊,16
国药准宇,16
自汗虚汗,16
舒普思达,16
锋锐,16
健延堂,16
恒瑞,16
浙江桐乡,16
西芙,16
金泫雅,16
正品之选,16
孝敬父母,16
百斯恩,16
豫宛,16
为人,16
破口,16
雅培贸易,16
徐州市,16
电子针灸,16
仁仁,16
维生素片,16
美国传奇,16
优品康,16
产品正品,16
凤凰,16
强丰,16
世方牌,16
寒性胃痛,16
美琪尚品,16
甲正王,16
济福生,16
双开关,16
滋肾养肝,16
糊药,16
河南宛西,16
金福阳,16
阿华,16
医疗护理,16
灰指,16
喜喜岁,16
浅小伤口,16
拍下减,17
养阴,17
北京早康,17
多晒,17
大晟,17
胶囊产品,17
澳帝力,17
柠檬片,17
支针头,17
大蒜精华,17
下架,17
贝特晓芙,17
快速降温,17
感冒贴,17
思达康,17
代餐果冻,17
永乐,17
两合公司,17
永和,17
呀吖,17
鱼跃拐杖,17
泰州市,17
族营养片,17
博客健,17
东乐膏,17
雅丽丝,17
川资阳,17
畅销,17
丽芙,17
肝肾阴虚,17
瘦腰片,17
马卡,17
好方,17
齐齐哈尔,17
镇江丹阳,17
江苏常州,17
乳泉颗粒,17
水解,17
请勿购买,17
益智补脑,17
柯兰,17
骨骼保健,17
润肠排毒,17
乳钙粉,17
暖宫敷,17
和安,17
微量元素,17
逐寒湿,17
母亲节,17
雪丹,17
折特价,17
和慈,17
都活舒,17
清热滋阴,17
大屏显示,17
环利,17
一水肌酸,17
小郎人,17
里肯,17
深海鱼,17
疤痕软膏,17
芩连片,17
术后恢复,17
专柜,17
滋肾平肝,17
脂肪酸,17
白砂糖,17
菌神,17
上上梳,17
舒适版,17
平安夜,17
连续,17
事后,17
自动加压,17
隆典,17
包直邮,17
叶绿素片,17
烟霞,17
上火,17
清热消肿,17
君美,17
通道,17
皮肤清创,17
痔康片,17
板仔,17
舒锐,17
送原品,17
利药,17
亿康,17
皮肤皲裂,17
森活酵素,17
疏肝理气,17
健身饮,17
亿劲,17
浙江铭锐,17
黄河,17
绿博汇萃,17
黄芪片,17
试条,17
玛卡套装,17
盒礼包,17
渝食药监,17
美乳,17
植物蛋白,17
乐邦,17
瑞特,17
清川仁源,17
扭挫伤,17
散光,17
婴幼儿型,17
漱口水,17
孕妇钙,17
眩晕宁片,17
汉川,17
盒组合,17
卫太医,17
鞍山,17
无烟艾条,17
卓恩,17
雷奈克,17
野虎,17
足浴器,17
压力袜,17
小银,17
旗舰正品,17
铬元素,17
强肾,17
旗舰店,17
保能净,17
可迪,17
美商婕斯,17
新津事丰,17
静脉血栓,17
邦德赛,17
厂家正品,17
高纤乐,17
消爽,17
桂食药,17
防禽流感,17
活血散瘀,17
佳加,17
防病毒,17
福人,17
消痔软膏,17
摄卫堂,17
硒质,17
咬嘴,17
蕃茄红素,17
猴姑饼干,17
两盒包邮,17
白领,17
圣手,17
智能腕式,17
蛋白胶囊,17
糖衣片,17
奥咖,17
滋补品,17
代餐包,17
润肺止咳,17
亏本促销,17
奥雅,17
西洋参茶,17
肝泰乐,17
头带,17
八合一,17
肠泰合剂,17
肛泰,17
霉菌性,17
米氧气管,17
双摇,17
天然钙,17
潮热盗汗,17
健兴,17
清咽丸,17
数字,17
戈宝绿业,17
制氧器,17
呼吸回路,17
塑棒双头,17
鼻炎喷剂,17
排宿便,17
双膝,17
杏辉天力,17
妇洁搽剂,17
测试纸,17
惠松,17
汤姆森,17
双膝部,17
威高,17
中北博健,17
全部适用,17
艾灸包,17
上海泰昌,17
海普,17
卫康,17
清洁肌肤,17
琴福,17
北京韩美,17
天韵胶囊,17
懒人茶,17
护心脑,17
二天油,17
速永康,17
幼儿,17
场效应,17
兴华,17
仁皇,17
腰间盘,17
恒安,17
正品促销,17
口服维,17
二陈丸,17
新品促销,17
恒明,17
海婴宝,17
心脏保健,17
天然提取,17
脑乐静,17
护肝排毒,17
足部疲劳,17
小罗曼,17
每片,17
健益康,17
羊胎,17
中进轮椅,17
喘息,17
成年,17
爱茉莉,17
乳钙软糖,17
珍黄丸,17
卸妆棉签,17
拜而宾,17
斑丽菁,17
唯正,17
安胃胶囊,17
同仁,17
改善肠道,17
口角炎,17
肛泰软膏,17
凝胶型,17
牙齿酸软,17
福建宁德,17
每瓶,17
法斯通,17
耳挂式,17
粒艾柱,17
利咽,17
美吉可,18
牙齿摇动,18
冰山,18
镇咳,18
宏仁堂,18
蛋白饮料,18
葛根片,18
成人或,18
大恒,18
膳通片,18
溶脂带,18
过敏性,18
煎药器,18
血糖症,18
胃康胶囊,18
关节疼,18
缺氧人士,18
透明底盘,18
冻疮消酊,18
组织钳,18
华盛昌,18
森芝宝,18
西双版纳,18
力加寿片,18
星夜美,18
淳食养道,18
护小臂,18
养脾散,18
鲜竹沥,18
风湿关节,18
保健正品,18
倍丽斯,18
众益今典,18
博华,18
二代,18
妇科凝胶,18
运动保护,18
蜜炼,18
运佳黄浦,18
百草,18
玛卡粉,18
咽喉痛,18
针灸模型,18
养生壶,18
河北省,18
星球,18
喜润,18
理气活血,18
软膏,18
咽炎含片,18
雅姿,18
颈痛贴,18
民生药业,18
莲花系列,18
辽械注准,18
益侬,18
雪牛,18
罗裳山,18
褥疮等,18
益捷,18
一零二四,18
粒维,18
挪威小鱼,18
妇炎舒片,18
大塚制药,18
适合,18
恒生,18
健通,18
参茸丸,18
喜力多,18
平喘,18
菜菜,18
各种疼痛,18
安全卫生,18
中基,18
舒活,18
泪腺炎,18
三也生物,18
有伤口,18
通惠,18
送摇杯,18
杭州思维,18
脱脂棉,18
张筱雨,18
金长兴,18
贝雅,18
蓄尿袋,18
丰胸,18
鲁润,18
倍特,18
富兰,18
管式,18
倍稳,18
弘尔康,18
戒烟贴,18
聚仁堂,18
喜来乐,18
品质保证,18
买二送,18
网销防伪,18
关节炎等,18
直全齿,18
岚昕宝,18
扬子洲,18
赖氨酸,18
海晏堂,18
华虹,18
美多,18
单瓶,18
外用消毒,18
玛咖干片,18
修正辅酶,18
造口底盘,18
玻璃拔罐,18
满就送,18
珊瑚钙,18
体温,18
原青花素,18
黄海,18
欧之星,18
黄石卫材,18
健尔马,18
补养气血,18
驱寒,18
野酒花,18
汉森,18
万古神,18
蓝韵,18
陌陌,18
大高酵素,18
宫秀假发,18
有机厨坊,18
祛斑美容,18
旅游,18
捷锐企业,18
粒体验装,18
乐清市,18
朵朵红,18
通生,18
视力保健,18
周末购,18
鸿淘茂,18
贞迪,18
黄金,18
伊甘欣,18
满包邮,18
小蓟,18
安灯,18
压力,18
幻想,18
下肢训练,18
鼻之光,18
晟元堂,18
理疗贴,18
手术用具,18
行气化湿,18
先灵,18
还少胶囊,18
补充镁,18
天水市,18
力士,18
参多韩,18
明源堂,18
好德快,18
达林,18
东亚食品,18
降火,18
腹带,18
医用护理,18
透明防水,18
挤压,18
缓释,18
沪食药,18
寿春堂,18
仙利特,18
安隆,18
颈椎不适,18
优奇,18
听力弱,18
普卫欣,18
华东,18
浙械注准,18
润惠堂,18
饱腹代餐,18
肩臂麻木,18
浓度,18
电镀,18
美再生,18
艾润,18
淋沥涩痛,18
血液循环,18
男女用,18
麦粒肿,18
双孔,18
创兰,18
段艾条,18
昂立莱,18
小袋熊,18
执行标准,18
捶打,18
检查手套,18
测孕笔,18
大冢制药,18
广东仙乐,18
两贴,18
女金片,18
调理肠道,18
肛门,18
袋泡茶,18
御邦,18
新品发布,18
黑玛咖,18
醒脑提神,18
全场满,18
胰岛素,18
清凉,18
体脂仪,18
翔云,18
阿根廷,18
野葛根,18
安全套械,18
太仓市,18
莱辉,18
舒肝理气,18
赐百年,18
天神,18
体脂秤,18
水温,18
社区医生,18
泻血笔,18
乐可舒,18
芦荟粉,18
残疾,18
增加免疫,18
持久,18
维尔固,18
保健茶,18
药邦,18
海狗胶囊,18
海瑞康,18
取本品约,18
扶桑帝药,18
便通胶囊,18
新新人,18
江苏七,18
回春花,18
减淝茶,18
清宿便,18
丰禾力健,18
洁白丸,18
山东烟台,18
即食,18
测量血糖,18
晶叶,18
滇芝堂,18
滚轮,18
瑞贝卡,18
康萃乐,18
三康,18
三公仔,18
精和,18
勃然,18
畅优宝,18
百芙清,18
梦丝千,18
精方,18
爱贝乐,18
伊得宁,18
小神医,18
狗皮王,18
希瓦丁,18
破皮,18
阳普医疗,18
破损,18
山庆,18
外伤处理,18
黄果树,18
软磷脂,18
康欣胶囊,18
润华,18
德国原装,18
紫锥菊,18
天长市,18
同顺堂,18
滇中,18
草莓口味,18
老年轮椅,18
肝风上扰,18
滇本草,18
却老斋,18
振动按摩,18
储雾罐,18
神经根型,19
玉人堂,19
多种,19
北方,19
根痛平片,19
质量保证,19
慢性,19
可丽尔,19
堂元德,19
减重,19
情趣,19
丽泽,19
成人补锌,19
氧护士,19
祛湿,19
无极限,19
关节宝,19
象山,19
八正合剂,19
降胆固醇,19
手摇病床,19
悦康,19
感冒灸,19
伤口清洁,19
弘力,19
日本原版,19
倍浓缩,19
穿着舒适,19
养生之家,19
百傲钙,19
燥湿,19
升和,19
促进发育,19
樱桃果味,19
桔子味,19
一次一包,19
妙语,19
北京维格,19
口泰,19
实惠装,19
乐比高,19
减肥药,19
测排卵,19
产品标准,19
益智,19
散结止痛,19
喷雾,19
瑞尔齿科,19
阴道病,19
艾草条,19
玖康瑞,19
儿童咳液,19
圆形,19
巴西,19
育松,19
自动,19
金莲花片,19
摩罗,19
合肥市,19
浙甬,19
老人代步,19
红霖,19
清肺,19
卫美恒,19
倍刻,19
快速秀,19
体保,19
医用敷贴,19
胃托,19
千克,19
龙荟丸,19
黄冈,19
红景天,19
餐前,19
珍琦,19
溶血栓,19
海洋康得,19
名盛,19
水银,19
肥肥乐,19
一清胶囊,19
增效垫,19
脱毛膏,19
婴幼儿童,19
舒肝片,19
滇珍本草,19
辅助,19
挂耳型,19
孕前专用,19
眉山,19
胃药,19
桂食药监,19
苗药,19
千年生工,19
止痛调经,19
至尊红颜,19
千草,19
腰腿痛贴,19
足部,19
艾灸套装,19
晕车晕船,19
圣荷,19
耳聋耳背,19
廊坊,19
欧米茄,19
片维,19
香雪兰,19
关节损伤,19
排卵测试,19
卓玛拉,19
厂家直营,19
畅呼吸,19
内痔,19
不思饮食,19
钓鱼商标,19
腹痛腹泻,19
上肢训练,19
条包邮,19
以下,19
肛门给药,19
坐便,19
美科夫,19
体重管理,19
亮视,19
小片,19
益母草片,19
急救包,19
防伪保真,19
皇母娘,19
康奇,19
力克舒,19
防感冒,19
玫瑰花维,19
锯棕榈片,19
克霾,19
眼睛干涩,19
两年,19
青原,19
华安药业,19
化痰止咳,19
邦列安,19
双鼎,19
极限氮泵,19
康隆,19
秀雅假发,19
送采血针,19
硬头,19
瓶特惠,19
宜昌市,19
缩阴球,19
塑身,19
唯乐佳,19
抽气枪式,19
今幸,19
海晶,19
一岁以下,19
静音,19
杰恩美德,19
江阴,19
澳洲正品,19
仙卡,19
成人和,19
老来福,19
快捷,19
快感,19
海藻,19
奶嘴型,19
鼻枕面罩,19
补镁,19
国华,19
采能,19
二妙丸,19
锌片,19
送尿杯,19
清热疏风,19
壳聚糖,19
奥养安,19
北极神,19
金感胶囊,19
腹泻贴,19
胎盘片,19
商城专卖,19
鹿迪,19
进口维,19
化妆棉棒,19
众悦,19
透气性好,19
苦甘颗粒,19
柔软舒适,19
利华,19
皇龄,19
广东东莞,20
鸿儒,20
外痔,20
脑疲劳,20
澳普森,20
四维空间,20
爱邦轮椅,20
证字,20
泡沫敷料,20
卡地纳,20
广东潮州,20
巨优惠,20
维尊,20
清咽利喉,20
太极独圣,20
荷叶茶,20
金蓝鲨,20
妇女,20
泽田源品,20
科护,20
神农虎,20
房事,20
鼎鹤,20
折起,20
雅美娜,20
足底按摩,20
孕妇叶酸,20
养生保健,20
长沙三诺,20
风湿性关,20
血尔,20
草还丹,20
号厂房,20
云植,20
邦力,20
芊体棒,20
调血脂,20
洁面,20
粒液体钙,20
亚诺太芬,20
冀械注准,20
雪山金盾,20
一孚汀,20
俄罗斯,20
降低血脂,20
折特惠,20
黑莓,20
苦胆草片,20
包头,20
铝合金管,20
诺伽特,20
常药,20
雪宜,20
奥拜臣,20
家用腕式,20
迪马泰,20
强壮骨骼,20
积之美,20
腰椎肩,20
消化酶,20
葡萄牙,20
赣美堂,20
带便孔,20
不孕症,20
预售款,20
助眠,20
玉溪,20
美白补水,20
营养素,20
鸡西,20
育发,20
弹力型,20
蓝莓精华,20
扶他林,20
有济堂,20
气压疗法,20
紫芸,20
标准,20
漱口,20
抗病毒,20
祛风止痒,20
开胃,20
炎症疼痛,20
任何人,20
纤体瘦身,20
板式,20
喵星人,20
盛安,20
奶粉,20
绿森林牌,20
输液架,20
伤口溃疡,20
苗一,20
美伦,20
餐后,20
近视弱视,20
蓝帽,20
澜泰,20
间隔,20
龋病,20
公主李,20
洗鼻,20
脐疝带,20
兴安来,20
太阳灸,20
验孕笔,20
止鼾,20
每晚一次,20
纸盒装,20
湘食,20
以色列,20
一岁以内,20
罗盘,20
舒肝散,20
爱尚康,20
腹部,20
千趣,20
增强型,20
安眠,20
补血补铁,20
片维生素,20
康奇力,20
滴虫,20
洁诺菲,20
优选,20
肤色型,20
东秦牌,20
桂花,20
养胃舒,20
耳温计,20
辅助治疗,20
中年,20
鸥萌,20
佰露,20
中恒,20
卡通,20
梁湖,20
安瑞克,20
岭南万应,20
中诺,20
困乏,20
大包装,20
中年人,20
酵素水,20
痛经软膏,20
爱威康,20
送面膜,20
福康,20
成人儿童,20
佳信佰,20
附穴位图,20
开业特惠,20
丹阳市,20
怡含宁,20
深耳道式,20
防伪正品,20
凉血,20
玛卡丽人,20
立钻,20
皮肤过敏,20
康维,20
拜普洛,20
双拐,20
健脾颗粒,20
金页,20
青年,20
斐姿,20
心云,20
哈泰华,20
达优,20
内风湿,20
桐君阁,20
蛋白酵素,20
消毒擦片,20
甘果宁欣,20
普瑞丁登,20
亳药千草,20
健胃,20
成年女性,20
立方,20
优美加,20
康贝斯,20
肛裂,20
诱魅,20
每瓶装,20
爱仕达,20
电动,20
芳草雅秀,20
医用消毒,20
成人钙,20
螺旋藻粉,20
利丽嘉,20
粤制,20
成人装,20
纤盈轻食,20
兴邦,20
河村,20
广信,20
腰椎突出,20
现代,20
济安堂,20
卫生,20
英平,20
班赛,20
白癜风等,20
脉宝,20
阳春胶囊,20
等于,20
成人款,20
太极集团,20
莱泰,20
吸痰管,20
达优秀睿,20
精品,20
罗欣,20
伊可唯,20
品信,20
有糖,20
稳捷,20
血糖监测,20
咳舒糖浆,20
拉伤扭伤,20
粒瓶装,20
成田,20
特惠包邮,20
清音丸,20
多买多送,20
明目地黄,20
银屑病等,20
术后,20
防早泄,20
片套装,20
汉生堂,20
含钙型,20
山东青岛,20
花红片,20
台湾欧比,20
下山虎,20
胃病腹胀,20
安琪酵母,20
宝莱肌酸,20
滇程,20
睡眠差,20
医用气垫,21
提高记忆,21
金丽人,21
成田制药,21
三盒装,21
巨仁堂,21
商康,21
燕舞牌,21
七星针,21
金芭克,21
排卵期,21
微米光,21
美容祛斑,21
晕飞机,21
蕉业阳光,21
福尔阳光,21
昌吉,21
空气净化,21
暖宫,21
条纹式,21
桂附地黄,21
防褥疮,21
赛诺,21
星神,21
男女,21
玫瑰金生,21
甩脂机,21
参皇乳膏,21
新清宁片,21
滤片,21
韵先知,21
阿泰宁,21
肩周痛,21
沪食药监,21
软头型,21
安德利,21
氟轻松维,21
绿莹,21
深圳稳健,21
山东达因,21
熊胆粉,21
粒特价,21
软化血管,21
补锌补硒,21
宫寒,21
夜宁颗粒,21
杜仲叶,21
多微生,21
广育堂,21
清舒,21
微克,21
老少皆宜,21
聚划算,21
消毒杀菌,21
负压脉动,21
易氧源,21
无线专享,21
泰诺,21
烟酸,21
桐乡,21
爱立康,21
惹火猫,21
喷雾器,21
散列通,21
粒礼盒,21
卫生用品,21
双龙出海,21
铁盒装,21
百姓堂,21
日装,21
美客,21
钙加锌,21
施普瑞,21
普乐津,21
参麦颗粒,21
顺兴发,21
仙鹤牌,21
粒套餐,21
盆炎净片,21
单孔,21
艾诗特,21
橘红梨膏,21
程海保尔,21
染发,21
复方,21
拨云锭,21
欧德宝,21
大补阴丸,21
青春素,21
胡萝卜,21
马德保康,21
代步,21
哈药牌,21
国镜,21
匹得邦,21
灵泰,21
极品艾柱,21
欧米卡,21
灰指甲,21
亚邦,21
外用少量,21
止咳祛痰,21
洗液,21
恩贝特,21
拍下,21
福乃得,21
赛立克,21
宝兴,21
金口馨,21
量子高科,21
住邦护蕾,21
金花,21
好易,21
安神胶囊,21
辽食药监,21
健今,21
增乳膏,21
比之可,21
细腰片,21
有防伪,21
金桃,21
南瓜籽油,21
酊剂,21
金碧,21
抗衰老片,21
宁嗽露,21
折叠式,21
倍美停,21
防霾口罩,21
艾康,21
佰美坊,21
通便秘,21
舒筋活络,21
海欣,21
骨力胶囊,21
代餐食品,21
发热发烧,21
鼻康片,21
国公酒,21
运动饮料,21
肩背部,21
中硕博奥,21
喷塑软座,21
天诚,21
全金药业,21
天越,21
损伤,21
圣约翰草,21
积大,21
麻仁胶囊,21
祛痰利咽,21
大亚芬克,21
一片天,21
睿迪,21
神象,21
三强,21
腰扭伤,21
护腿,21
化痔栓,21
一力,21
三木,21
咕咕没,21
增城,21
默霖,21
高烧,21
生力胶囊,21
纽莱健,21
美国理康,21
三件套,21
默氏,21
超静音,21
和胃止痛,21
蚝贝钙片,21
锦康,21
麦力若,21
顺清,21
袜子,21
倍狮力,22
养肝,22
可丽尼,22
虹之晨,22
多合,22
双泉,22
灌肠头,22
大神,22
远红外线,22
五福快车,22
新春特惠,22
缺乳,22
缺乏,22
西鸣堂,22
金鸡片,22
白带量多,22
亦贝安,22
奶蓟胶囊,22
畅息卫士,22
好好,22
止咳丸,22
二级,22
速笑,22
盛翔,22
粒钙,22
雌激素,22
高脂血症,22
伤口出血,22
蜂皇浆,22
鳖博士,22
咨询有礼,22
福意联,22
伤口感染,22
蛲虫感染,22
改善失眠,22
美国原料,22
假一罚十,22
假一罚万,22
开坤,22
夜间缺氧,22
一清片,22
养生天下,22
金银花,22
京豫,22
清真,22
妍婷,22
东秦,22
左金丸,22
清香,22
年轻人,22
知医堂,22
善健堂,22
头发早白,22
测血氧,22
尊然,22
老人补钙,22
康和药业,22
眼干,22
丹纳,22
寿仙谷,22
排卵检测,22
岁至,22
低糖,22
健胃片,22
薇诺娜,22
异黄酮,22
寸草,22
图明堂,22
祛风散寒,22
来康蓓,22
伊奈诗,22
驱蚊,22
淮安,22
倍安康,22
兴安岭,22
碘伏棉球,22
慢性颈,22
上海互帮,22
清热除湿,22
汤成利健,22
消毒棉球,22
尘肺,22
唇干裂,22
测血糖仪,22
烫疮油,22
计生,22
冷敷凝胶,22
感冒鼻塞,22
力魂,22
中得,22
中医,22
逍遥津,22
善行者,22
卷装,22
德辉,22
再减,22
加厚,22
欧米加,22
吉药,22
试用装,22
岁以内,22
必理通,22
安阳,22
冀荣,22
补血养颜,22
十八怪,22
造瘘袋,22
菲律宾,22
语音型,22
安达平,22
靓伊生,22
齐鲁,22
磊磊,22
健美,22
金鹊,22
益母丸,22
折促销,22
必好适,22
达吉,22
突发受伤,22
全身酸痛,22
友南,22
球形,22
健达,22
康维德,22
康裕,22
高浓度,22
冠心病灸,22
紫光生物,22
老道一贴,22
怡婷,22
国药监械,22
天球,22
可利丝,22
硬脂酸镁,22
孔圣堂,22
天元和,22
好立康,22
生津止渴,22
逸动,22
上药牌,22
纽约发货,22
脑力宝丸,22
次用量,22
温灸艾柱,22
胃窦炎,22
海华,22
热脉,22
国外,22
宝葫芦,22
喜碧,22
正午阳光,22
心率不齐,22
寿安堂,22
搏飞康,22
东方草,22
安利公司,22
勃咔,22
伊乐瑞,22
纯乳清,22
康乐福,22
辅仁堂,22
精油,22
尚水,22
酒豪传说,22
同补,22
瀚斯源,22
心率失常,22
补肺丸,22
爱森,22
北京康祝,22
按摩油,22
港辰,22
硒营养片,22
下马威,22
妇洁欣,22
滇岭,22
绿然,22
益和堂,22
营养餐包,22
西施兰,22
防辐射服,22
济公缘,22
睡病,22
盈实,23
特价正品,23
四件包邮,23
大盒,23
腰肾膏,23
唾液检测,23
健生爱民,23
紫光古汉,23
活力氧,23
八正颗粒,23
百邦,23
消毒液,23
程海,23
健美健身,23
云香精,23
赛霸,23
广仁,23
脘腹胀满,23
碘甘油,23
嘉荷,23
江苏南京,23
瓶免单,23
晶健,23
牵引,23
肘拐,23
族复合片,23
荷叶,23
益民堂,23
除湿止带,23
翼康,23
进口包邮,23
杀菌止痒,23
家庭,23
添加,23
新贝儿克,23
千杯不醉,23
舒牌,23
付邮试用,23
维信诺,23
酒精棉片,23
阿特维斯,23
滋润,23
免充气胎,23
盖舒泰,23
臣功再欣,23
营养丸,23
阴部瘙痒,23
东泰,23
万人,23
肝硬化,23
低糖型,23
禅方,23
拍一发二,23
小儿善存,23
添福,23
缓释片,23
一次半片,23
华脉,23
香港雷霆,23
康镁丽,23
可查防伪,23
美优,23
卧床,23
阿力果,23
无副作用,23
罐礼盒装,23
民康,23
文峰塔,23
白猫牌,23
药艾条,23
寿全斋,23
猴头菇,23
跌打扭伤,23
清热通窍,23
长白山,23
千蝶,23
古城,23
防脱发,23
运动防护,23
亮嗓,23
皮肤损伤,23
康齿宁,23
中粮,23
茯苓,23
甘油,23
六六视觉,23
福瑞堂,23
祛斑养颜,23
日常检测,23
杀毒抗菌,23
痛畀帖,23
掏耳朵,23
蜂蜜,23
博大,23
邦瑞特,23
哈药六厂,23
艾灸器,23
止血护创,23
座便器,23
糖尿病人,23
余仁生,23
鼻博士,23
艾恩禧,23
司邦得,23
口感好,23
达心堂,23
西柚味,23
博尔腾,23
健脑,23
糖尿病足,23
立业,23
惠知,23
天大,23
成年人,23
印度神油,23
种维生素,23
田田雪,23
吸入器,23
素食胶囊,23
苏食,23
番茄胶囊,23
增重粉,23
结肠炎,23
谷旗,23
劲得钙,23
圣佳斯,23
锌硒宝,23
颈椎保健,23
楚雄,23
保健饮品,23
孚琪,23
一洋,23
远达,23
新货,23
护胃,23
青春痘,23
靈之世紀,23
外科敷料,23
苏州惠氏,23
手机专享,23
天长福,23
远洋,23
哈药集团,23
新兴,23
不破胎,23
透气可调,23
三花,23
肌肉劳损,23
咳嗽灸,23
宁红,24
友约,24
鼎柔,24
鼎克,24
大片,24
大便酸腐,24
胚元,24
痛可贴,24
康森护具,24
颈椎病贴,24
科亚,24
野口,24
风湿贴,24
天津九安,24
大轮,24
组记忆,24
鸿骏,24
速攻,24
星光,24
茂名,24
童宝乐片,24
龙岩,24
痔炎消片,24
斯达舒,24
定邦,24
黑伊,24
和藏,24
肛泰栓,24
窄谱,24
夫专家,24
止咳平喘,24
小型创伤,24
感康,24
康扬轮椅,24
健齿固龈,24
心脏病,24
禾穗牌,24
数字式,24
中实,24
盛世龙方,24
捷古斯,24
口腔疱疹,24
华侨,24
加厚型,24
中元瑞康,24
柯可兰,24
浙台,24
安稳型,24
提神,24
专业,24
白泉牌,24
泻火,24
品牌商,24
万华,24
鲁明,24
促销装,24
佐宁,24
纤体,24
体健,24
强身牌,24
验孕卡,24
英琪假发,24
型氧气袋,24
验孕纸,24
健康大地,24
俾斯麦,24
恩斯利康,24
苏比克,24
眼科,24
高低血糖,24
自汗乏力,24
美国包邮,24
止泻,24
腰围,24
启睿,24
礼品装,24
早衰,24
理科,24
卡迪奇,24
乐宁,24
消除疲劳,24
东医生,24
亚健康,24
乐此,24
博士医生,24
保暖舒适,24
竹林众生,24
经期腹痛,24
基本型,24
传福堂,24
魔芋,24
含维,24
斜视,24
红花油,24
消食,24
通气面罩,24
退黑素,24
膳乐多,24
康辰,24
印尼,24
迈可抒,24
阳痿早泄,24
宁波慈溪,24
浩添冷链,24
超大型,24
降压,24
秀丝坊,24
澳宝嘉,24
爽尔康,24
百善唐威,24
片礼盒装,24
俪抚,24
魔带,24
贴膏,24
松果体,24
古圣堂,24
奥蕾,24
奥邦,24
曼吉磁贴,24
便携型,24
阿克索,24
优惠装,24
包礼盒装,24
丽允坊,24
清热解表,24
辽鞍,24
健丰,24
可拆卸,24
卫生棉签,24
显龙,24
溃烂等,24
祥鹤,24
康龄,24
颈腰痛,24
腿疼,24
羊奶片,24
高铁男,24
郁芳,24
展科电子,24
雾化,24
怡养,24
黛美丝,24
脑立清丸,24
跨海,24
卫舒元,24
泗滨,24
嘉斯米,24
婧妍,24
片保健品,24
急救,24
灰色,24
鼻腔清洗,24
蓓尔斯康,24
花粉,24
荣之健,24
一级,24
荆防颗粒,24
腰关节痛,24
药王山,24
精神衰弱,24
艾维诺,24
特价清仓,24
加乐活,24
临药,24
腰椎肥大,24
霍胆丸,24
荣鑫利,24
超重,24
永康市,24
珊瑚癣净,24
补水保湿,24
肢体伤残,24
组合套餐,24
阿芙洛蒂,24
在房事后,24
年货,24
制氧,24
消朦片,24
胆结石,24
鼎翔,25
富林医疗,25
西洋参片,25
冀腾达,25
补硒,25
送蜂胶,25
上海强生,25
百氏灵,25
注射,25
沧州,25
柴黄片,25
标准型,25
预防疾病,25
星宝,25
山楂,25
德元堂,25
雅风宁,25
喷嚏,25
群星,25
飞云,25
天猫年货,25
板蓝根,25
中天泰科,25
荣昌制药,25
常泰,25
怀孕,25
精片,25
华天宝,25
过滤器,25
组织剪,25
耐信,25
耐利,25
果蔬,25
胃灼热感,25
胶原肽,25
玉君堂,25
金燕窝,25
测孕棒,25
专家,25
鲁菏,25
东月,25
百瑞康,25
稳豪倍易,25
四肢酸痛,25
平舆,25
替硝唑栓,25
补肾丸,25
利仕美,25
一次半包,25
苗老爹,25
纖吃纖盈,25
鹿胎颗粒,25
闭口袋,25
甜咪小熊,25
胚宝胶囊,25
含漱,25
疗程装,25
抗感灵片,25
代餐棒,25
罐套餐,25
伏山,25
买二赠一,25
撒隆巴斯,25
送一,25
海王抒瑞,25
巴西莓,25
白山,25
长春海外,25
基础体温,25
方明,25
瓶礼盒,25
卓越型,25
辽食药,25
生康园,25
仁丹,25
德国百瑞,25
食欲缺乏,25
圣元,25
迪巧维,25
旺林堂,25
吸氧,25
海洋明珠,25
腰椎间盘,25
双头,25
儿童补锌,25
小树,25
凝胶糖果,25
能量棒,25
满立减,25
外科手术,25
测量精准,25
强弓,25
黑眼圈,25
肉碱,25
迪玛泰,25
湛江,25
肭赛司,25
消炎止血,25
天然维生,25
假一赔万,25
乳母,25
爱身健丽,25
骨痛,25
爽快酵素,25
酵母,25
粤惠,25
限时折扣,25
提高精力,25
荔健,25
活血通络,25
六合,25
强健体魄,25
河源市,25
迪沙,25
贝利斯,25
三生,25
吕教授,25
大容量,25
广州满采,25
中成药,25
沙药,25
限时,25
当归片,25
儿童钙,25
一袋,25
金利胶囊,25
防护,25
防晒,25
片补钙,25
睡眠,25
蒲公英片,26
徐卫,26
江苏太仓,26
创口护理,26
万曼,26
赛尔复得,26
康莱美姿,26
北京诺华,26
送礼包,26
好吸收,26
果棒剂,26
新饰尚,26
必然宁,26
旭达,26
美国天来,26
德国迈迪,26
烤灯,26
东方金宝,26
护肝宝,26
果儿,26
正品直邮,26
孕早期,26
骨痛灵酊,26
沉香,26
苦瓜素,26
湿痒洗液,26
熙斯丽,26
铁质叶酸,26
肩周炎贴,26
珂芙尼,26
女性保养,26
体温测量,26
脚五舟,26
南阳市,26
一氧化氮,26
三层,26
原瓶进口,26
明复,26
助步器,26
优质白酒,26
美盈,26
检测试笔,26
红外,26
红墺,26
火罐,26
雷诺考特,26
假发配件,26
锌硒宝片,26
喜呼吸,26
途爽,26
高饱腹感,26
儿童适用,26
迈卓,26
一次半支,26
有灯,26
皮肤清洁,26
回马枪,26
膝部,26
燕草皇,26
肩痛贴,26
水牛角,26
蓝帆,26
酒剂,26
华智康,26
急支糖浆,26
祛斑美白,26
手吊带,26
澳柏丽,26
钙铁锌硒,26
芒果味,26
黄芪精,26
爱斯本,26
正氮蛋白,26
药包,26
好酷娃,26
罗星,26
粉刺,26
千里明,26
盒装包邮,26
南雪,26
白斑,26
京药监,26
百合阳光,26
桑海金维,26
久客,26
江中集团,26
测试商品,26
产品,26
三高人群,26
西可韦,26
医用胶布,26
强力神,26
透明,26
中粮屯河,26
圣宁,26
安邦,26
抗菌凝胶,26
乐仕堡,26
钙钙星,26
增肌健身,26
盾克,26
美大康,26
头戴,26
自然美,26
敏性鼻炎,26
养阴生津,26
双士,26
肩关节,26
护理套装,26
辽沈,26
金方,26
电子秤,26
仙茅,26
康诺,26
九维片,26
小便短赤,26
磷脂胶囊,26
礼品,26
黑玛卡,26
营养代餐,26
多酶片,26
送体温计,26
恒顺,26
美国版,26
润达君,26
维仙优,26
盲人,26
金鸡胶囊,26
台乌,26
淮山药,26
海宝,26
制药厂,26
康富丽,26
松栢,26
快克,26
恩倍健,26
四物合剂,26
带发票,26
肉苁蓉,26
拉萨,26
牙龈溢脓,26
维尔健,26
普华新道,26
纽曼斯,26
呀啦嗦,26
金日制药,26
林兰花,26
品牌,26
虫草胶囊,26
口鼻罩,26
纯孢子油,26
男士保健,26
皮表创伤,26
沙溪,26
达霏欣,26
仙生露,26
改善肠胃,26
康美适,26
欧普恩,26
天天清,26
代餐布丁,26
商城商家,26
西南,26
凯妮汀,26
欧普生,26
家庭保健,26
鑫康宝,26
养胃,27
激情热感,27
米沙瓦,27
风湿灸,27
悦胜,27
健长乐,27
头晕头痛,27
金恩美,27
喜辽复,27
彼阳,27
枚装,27
悦好,27
测量体重,27
金凯丽,27
大蒜精,27
送药盒,27
联邦制药,27
痘痘,27
巴米尔,27
男士专用,27
医药箱,27
咀嚼,27
耐用,27
快乐妈咪,27
珠海市,27
单只装,27
弯尖,27
家用型,27
泰斯,27
精工,27
育林,27
纯铜,27
巨仁,27
疏风解表,27
万宁,27
魔发界,27
大和酵素,27
万绿,27
微波,27
沪食,27
阿诺德,27
年终特惠,27
神经炎,27
原液,27
智聪,27
诺沙欣,27
克正品,27
雀斑,27
远大医药,27
清仓特价,27
蓝欧,27
赣洪,27
辛凉解表,27
保护伤口,27
药芝林,27
每次适量,27
新品首发,27
片天然,27
止咳宝片,27
醒目,27
世熙堂,27
亳州,27
按压,27
行气活血,27
福瑞达,27
华佗膏,27
莫愁,27
齐天德,27
绿盈生机,27
瑞宝,27
钟药师,27
优卓,27
锐泰,27
热感装,27
家庭必备,27
宝禾,27
小孩,27
四脚手杖,27
双海,27
汇妍美,27
摩罗丹,27
果蔬发酵,27
喉炎,27
立秀,27
护手霜,27
管装,27
克咳胶囊,27
受伤人群,27
粤禅,27
去脚气,27
振德,27
雾化机,27
口味,27
口宝,27
健康坐标,27
六神,27
采血,27
假发,27
一支,27
单头,27
斯威,27
防水型,27
厂家授权,27
破壁,27
青青小美,27
露卡素,27
鹿王,27
镇咳止痒,27
津滨,27
强中,27
增高,27
分钟服用,27
助听机,27
睡眠片,27
乐克沙,27
老山,27
凯洋轮椅,27
纳普乐,27
蘑菇,28
汇润,28
妙济丸,28
鼎优,28
福寿堂,28
汉苑良方,28
森邦,28
香丹清,28
清眩丸,28
每晚睡前,28
口鼻生疮,28
奥可安,28
潇莱威,28
臭汗,28
紫光新品,28
地平线,28
蓝莓片,28
百艾,28
迪赛诺,28
舍灵,28
利咽解毒,28
九仙尊,28
诺泉康,28
斯巴达,28
量贩团,28
绿因,28
女性保健,28
绿源堂,28
葡乐安,28
连云港,28
炫活力,28
安美姿,28
葡萄味,28
电动床,28
伽恩健,28
含量高,28
九极,28
佐儿,28
沃华,28
柯克兰,28
明视,28
卓越,28
黄山,28
江苏徐州,28
苏扬,28
疏风散热,28
瑞华,28
淳紫乐康,28
牧霖,28
婴儿型,28
背部酸痛,28
手表式,28
磁疗贴,28
助行车,28
润通茶,28
口鼻面罩,28
卧床病人,28
换购,28
正意心诚,28
百舒堂,28
肥胖者,28
佰卓,28
柠檬,28
福乐,28
可慕,28
滋补堂,28
医药,28
梅花针,28
天熠生,28
金立华,28
稳豪型,28
耳带式,28
保罗生物,28
疤痕修复,28
视物重影,28
免充气,28
国医堂,28
易疲劳者,28
孕妇营养,28
湿巾,28
酒精棉,28
蜀中,28
百年乐,28
电子称,28
杞菊地,28
卡琦诺,28
健脾,28
延时,28
不含蔗糖,28
调节肠胃,28
斧标,28
月量,28
熏蒸仪,28
喉康散,28
一日一片,28
智能加压,28
老拨云堂,28
绵阳,28
少乳,28
直邮,28
免调码,28
月月舒,28
超值组合,28
康派人,28
好心人,28
宝宝乐,28
全元康,28
伴侣,28
养肝护肝,28
护手掌,28
景忠山,28
热感,28
利蒙,28
儿童弱视,28
八珍颗粒,28
颈椎疾病,28
金鸡颗粒,28
凤美,28
润弘,28
绿养坊,28
添佳片,28
健康食品,28
好运,29
鸿博,29
小护士,29
康达五洲,29
直尖,29
鄂潜,29
罗马尼亚,29
鄂汉,29
美国杰诺,29
川渝牌,29
非胶囊,29
植物酵素,29
前列腺灸,29
捷锐,29
粒送,29
常德,29
九鹿回,29
纳诺卡,29
孕中期,29
雅适,29
无糖食品,29
嘉禾,29
出诊,29
包邮顺丰,29
肠道,29
正红花油,29
聚名品,29
泰宝,29
肚兜,29
侨健,29
京新,29
理邦仪器,29
喜来康,29
保妇康栓,29
钙镁维,29
阿尔法,29
慧谷,29
青少年型,29
派蒂菈,29
固定扶手,29
三源,29
宁新宝,29
橘子味,29
克芭娜,29
爱灵生乐,29
膏剂,29
黄石,29
一岁以上,29
汉医,29
单用,29
四脚拐,29
豪华型,29
古优,29
舒痕,29
普爱,29
澳罗拉,29
买五送一,29
中盒,29
解表散热,29
福瑞欧,29
邦尔洁,29
次装,29
韵洁,29
宝恩,29
韩国进口,29
四脚,29
肛管,29
抗炎消肿,29
磁贴,29
肠康片,29
葡萄籽片,29
测孕试纸,29
比复健,29
全国联保,29
胃痛灸,29
贵妃,29
天用量,29
脐疝,29
新安江,29
立健,29
经典,29
颈腰椎,29
樱之季节,29
烧心,29
支礼盒装,29
韩国正品,29
天秀,29
兴贝,29
东方海洋,29
呕吐泄泻,29
昂力莱,29
日本直送,29
德国铁元,29
保健盒,29
一生无忧,29
祖治丹,29
口含,29
低聚果糖,29
香连丸,29
两瓶包邮,29
美乐通宁,29
孕妇补钙,29
天一堂,29
片滤片,29
好爽糖,29
紫色,29
人丹,29
缓解鼻塞,29
面部,29
克咳片,29
稳择易,29
甲清,29
超轻,29
种氨基酸,29
苹果酸片,29
清热散风,29
三顺,29
防伪,29
安胃片,29
西宁,29
豫长,29
顺丰,29
强身健体,29
百洋,30
智能型,30
医用口罩,30
慢肺阻,30
祛皱,30
祛痰,30
事前避孕,30
乳钙,30
越橘精华,30
托恩,30
科田,30
乐仁疝康,30
木瓜粉,30
舒夫林,30
高纯度,30
九泰,30
美迪迅,30
口腔炎症,30
维他保,30
霾星人,30
赣樟,30
山虎,30
高品质,30
川慈,30
怀孕检测,30
镇静安神,30
底塞,30
慧宝源,30
果味型,30
宝元堂,30
牛磺酸,30
妻之爱,30
鲁抗,30
南岛,30
派瑞松,30
防尘口罩,30
天麻片,30
洛赛克,30
贝蜜儿,30
龙飞,30
坤康,30
雷公,30
桐乡市,30
瑞尔,30
钙加维,30
淘吃,30
连乡,30
今宵夜,30
硕尔,30
赛普,30
肥胖人群,30
条形,30
清火胶囊,30
舒腹贴膏,30
足道,30
葛根粉,30
得恩德,30
五年陈艾,30
肝肾两虚,30
凯洋拐杖,30
中大,30
中天,30
加送,30
万极,30
美白丸,30
欧太林,30
天成元,30
小时一次,30
丹南泰,30
杜伊特,30
维胺酯维,30
福牌,30
头痛发热,30
肺纤维化,30
极致地带,30
达尔泰,30
肺结核,30
凯美奇,30
金诺,30
蕲艾,30
儿童一日,30
冉朵,30
皖滁,30
肢体水肿,30
正士,30
雪域阳光,30
稷王,30
低热量,30
高浓缩,30
葛仙翁,30
奥星,30
解毒利咽,30
天强,30
月装,30
健之纯,30
福圣元,30
优芝佳,30
益脑胶囊,30
水仙牌,30
广东广州,30
仁盛,30
涂抹患处,30
乐敦清,30
恒帝,30
工厂生产,30
爱乐恩,30
银医生,30
豫信,30
贵妃舒,30
强身,30
钙镁锌片,30
植物提取,30
五官科,30
惊悸健忘,30
一马,30
关捷力,30
七天美,30
面瘫偏瘫,30
花旗参茶,30
有限,30
勃金,30
每粒,30
济宁,30
大汉,31
真好测,31
英驰,31
永康,31
格拉丹东,31
外用适量,31
爱博康,31
琪灵,31
清肺仪,31
贵州神奇,31
恒久远,31
带餐桌,31
欧拿,31
雨纯,31
中国广东,31
饮品,31
绿茶,31
柯医师,31
特价买,31
一次一贴,31
肠清茶,31
清肝胆,31
智灵通,31
利湿热,31
长生,31
嵩珍,31
蛮龙液,31
华帅,31
玉森,31
底盘,31
包邮买,31
桔色,31
坤泰胶囊,31
金亿帝,31
来自英国,31
爽滑快感,31
天健齐康,31
腰椎痛,31
普通级,31
解酒醒酒,31
年第,31
华素制药,31
彝仙草,31
袋包邮,31
医用药棉,31
可调节,31
消痛贴膏,31
乐听,31
汉晨,31
欧淬恩,31
送电源,31
百服咛,31
通便排毒,31
德维比斯,31
云南昆明,31
益康来,31
用于,31
所有人,31
买一送四,31
止咳片,31
非织造布,31
保肝,31
低频,31
治疗器,31
康福,31
口腔型,31
金赛,31
产后出血,31
通慈,31
早孕检测,31
日本正品,31
腰腹部,31
遥控,31
出口日本,31
孕妇钙片,31
友好,31
酒精,31
受伤,31
百家益,31
紫光精品,31
至力,31
儿童可用,31
细菌,31
松柏,31
小儿减半,31
爽宁,31
障眼明片,31
旺龙,31
浙江义乌,31
折叠轮椅,31
双燕牌,31
护肩,31
恒宁医疗,31
乳酸菌,31
余杭,31
乳腺增生,31
清润真,31
蛋白,31
润喉,31
一岁一次,31
尖锐湿疣,32
旭福,32
百泉,32
成人补钙,32
蔓迪,32
面神经炎,32
苹果味,32
强肾灸,32
补钙补镁,32
补钙补锌,32
调经丸,32
凉血解毒,32
永龙,32
骨关节,32
提取物,32
施莱,32
爱百瑞,32
检易宝,32
金樽片,32
美迪生,32
长乐,32
华弘,32
呼衰,32
京药,32
热敷贴,32
御大夫,32
鲁南,32
银杏叶精,32
感染,32
银杏精华,32
建新,32
九典,32
美禾,32
奥鼎康,32
宝珠牌,32
滋补养生,32
成人钙片,32
日量,32
明安旭,32
理气,32
青汁粉末,32
尤维斯牌,32
儿童用,32
尿急,32
格斗,32
绿之韵,32
含量,32
霸灵,32
劲膳美,32
汉安,32
哮喘灸,32
饭前,32
八重山,32
套送,32
补钙镁,32
安康,32
宣肺通窍,32
椰子水,32
胃出血,32
肥儿糖浆,32
佳泰,32
纽古乐,32
以上,32
肌肉僵硬,32
汝立康,32
灵睿,32
自然怡得,32
降温,32
小包,32
绞股蓝,32
补血补气,32
雲昆,32
万年青,32
行气止痛,32
青果丸,32
食品,32
跌打丸,32
国药准,32
非细菌性,32
沪药管械,32
沪械注准,32
吴太,32
心衰,32
牛乳钙片,32
俏维俪,32
面瘫,32
电子,32
威门,32
蔬果发酵,32
体重监测,32
康恩宁,32
新华医疗,32
氮泵,32
阴道冲洗,32
虫草,32
苏药监械,32
戈宝,32
海绵垫,32
东科瑞宝,32
多维片,32
敷料镊,32
熊胆丸,32
带防伪,32
保视佳,32
温灸,32
每小时,32
美舒通,32
常州四药,32
旗发馆,32
高钙,32
便乃通茶,32
送礼首选,32
果蔬酵素,32
妇炎净片,33
绿太阳,33
天然维他,33
吉泰安,33
芯迈特,33
高度可调,33
条试纸,33
花旗参,33
百花,33
脘腹胀痛,33
一次一丸,33
宏利,33
打鼾人群,33
松弛,33
肛周炎,33
康柏力,33
华益精点,33
颈痛片,33
和兴,33
唯达宁,33
官方旗舰,33
肩痛,33
客秀,33
瓶共,33
通药,33
嘉和,33
肾虚,33
五洲,33
天舒胶囊,33
三宝胶囊,33
香菊胶囊,33
巨虹,33
朗生,33
老人手杖,33
益民,33
泰康轮椅,33
东新,33
避孕药,33
快感装,33
东健,33
九方,33
阿尔发,33
清热祛湿,33
呼和浩特,33
信心药业,33
孕妇型,33
滑膜炎,33
小便频数,33
药圣堂,33
乐泰,33
天乐牌,33
东莞市,33
五峰慧果,33
稳压电源,33
安生,33
一保三丽,33
平光,33
方筒,33
点邦,33
国金,33
樱桃味,33
纤维素,33
腋下,33
艾灸器具,33
知柏地,33
章光,33
倍益康,33
新乡市,33
号第,33
宇航人,33
腰酸腿疼,33
口服一次,33
金归洗液,33
鲁食药,33
包快递,33
金龙,33
钙加,33
青龙,33
振霖牌,33
退烧,33
脚气,33
辽宁大连,33
采乐,33
泰尔维亭,33
冻疮膏,33
米可定,33
参灵草,33
珍黄胶囊,33
燕康,33
愈裂贴膏,33
毫米,33
戈宝红麻,33
红枫叶,33
鲁食药监,33
干酵母片,33
浙江医药,34
曲善宝,34
呼叫器,34
蓝莓胶囊,34
肋间疼痛,34
天银,34
疏肝和胃,34
胆囊炎,34
白内停,34
同人泰,34
云叶,34
丽程,34
肩部,34
膳通,34
金乐心,34
字号,34
酷幼,34
颈椎酸痛,34
带坐便,34
淘金币,34
世壮,34
咳喘宁,34
璐曼,34
莱萃美,34
脂肪肝,34
乳腺炎,34
烧烫伤膏,34
银川,34
颐知康,34
巨日,34
玉龙玛咖,34
星辰,34
舒适,34
虹吸式,34
美溢,34
学生,34
智顶,34
洁悠神,34
携带方便,34
含钙,34
日生,34
简易,34
柏维力,34
人参,34
百奥汀,34
支包邮,34
粒礼盒装,34
安神,34
优鼻,34
优联,34
艾兰得牌,34
广东中山,34
耳鸣耳聋,34
米阿卡,34
听力差,34
何济公,34
文昌,34
胸闷等,34
二级过滤,34
便秘人群,34
金陵,34
电脉冲,34
贵阳,34
道格拉斯,34
突击,34
达芬霖,34
冲洗器,34
粤药管械,34
奥医,34
京润珍珠,34
造口人士,34
肌肉损伤,34
秀江,34
牙髓炎,34
远东生技,34
东海制药,34
心神宁片,34
决明子,34
河西,34
仁源堂,34
葡萄糖,34
豫新,34
胃脘满闷,34
亿贝康,34
罗乐氏,34
武都,34
倍仕好,34
牵引系列,34
紫环,34
芝安堂,34
监测体重,34
肠胃宁片,34
健胃消食,35
凯灵,35
铁皮枫斗,35
优贝滋,35
腰痛灸,35
施尔洁,35
大明医圣,35
益安宁丸,35
腰背酸痛,35
常润茶,35
生物素,35
皮肤破损,35
森林印象,35
血栓,35
皮炎平,35
嚼服,35
陇神,35
蓓丽雅,35
信康,35
鼻炎片,35
肇庆,35
颈痛灸,35
补维生素,35
进口原料,35
藻油,35
明目,35
紫府园,35
玉威,35
优利特,35
艺芙,35
善存沛优,35
大屏幕,35
白带异常,35
时代阳光,35
人福医药,35
尿壶,35
孢子粉,35
金玛神,35
纽诺迪克,35
乳酶生片,35
乐蜂网,35
孕妇必备,35
黄山云乐,35
黄芪颗粒,35
德济堂,35
安亚,35
保济丸,35
若舒,35
岁每次,35
妇康宁片,35
美食伴侣,35
宿州,35
咳喘顺丸,35
魔变,35
佳汇泰,35
保和颗粒,35
莲花,35
头晕眼花,35
海藻油,35
蜀水,35
粤威,35
康魄公司,35
舒适透气,35
优利康,35
正品保障,35
花青宜,35
天平,35
营养,35
爽蒂,35
唐苹,35
持续,35
饱腹食品,35
台欣,35
皮克朋,35
洗澡椅,35
月团,35
奶蓟草,35
南粤药业,35
桶装,35
韩国直邮,35
北京市,35
护踝,35
观鹤,35
润肤,35
强效型,35
童涵春堂,35
同禾,35
双盛,35
同心,35
狐臭,35
携康,35
液体,35
广州星群,35
人参皂苷,36
多克,36
悦而,36
国春堂,36
极品,36
维康,36
纱布片,36
仙本一贴,36
坐骨神经,36
益气养血,36
调经养血,36
购物满,36
山香,36
特小号,36
保丽净,36
羚康,36
儿童成人,36
东田,36
孕前,36
原价,36
希臣,36
可立健,36
健脑益智,36
博凯泡泡,36
咽喉疼痛,36
奥托博克,36
斯曼峰,36
尿袋,36
悠康,36
三诺安准,36
杰可沙,36
正衡,36
口含片,36
皇圣堂,36
白发,36
玖健,36
肠炎宁片,36
半胱氨酸,36
方盛,36
润喉糖,36
认证,36
医用敷料,36
电极片,36
易舒特,36
岁以下,36
小林,36
安舒,36
真肤乐,36
阳光老人,36
康伴,36
伊寐,36
两瓶,36
朴佳美,36
送苹果醋,36
佰思佳,36
健合,36
祺讯,36
丰鹿牌,36
名器,36
阿芙拉,36
诱芷,36
亚洲制药,36
奥妮,36
奥森,36
洗头盆,36
艾尔,36
硫软膏,36
当归,36
高低血压,36
花花公子,36
痔疮胶囊,36
三马,36
透明质酸,36
兰太,36
贝盾,36
爱丽丝,36
清大广仁,36
天天长,36
小药箱,36
万寿宫,36
脑瘫,36
甜橙,36
坐浴盆,36
脑胀,36
唯听,36
每满,36
腰椎颈椎,37
鼎炉,37
速力菲,37
感冒药,37
颐海,37
维力,37
双蛋白,37
补肾壮阳,37
增肌增重,37
鱼肝油乳,37
劲牌,37
京械注准,37
肌肉疲劳,37
瓶减,37
片一日,37
富露施,37
皮肤病,37
洁白胶囊,37
洋参含片,37
贝洛华,37
朗力福,37
可比例,37
蒙王,37
康琪壹佰,37
必奇,37
理中丸,37
维特利,37
华辰,37
视疲劳,37
千珍,37
柴黄颗粒,37
昊泰康,37
泻火止痛,37
敲打,37
绿叶,37
乐夫,37
耐适康,37
长生鸟,37
寄生虫,37
芳蕾,37
亚东,37
脑黄金,37
体重控制,37
力菲,37
亨威,37
伊源美,37
吉芮,37
膨出,37
奥罗星,37
鲜橙味,37
痰咳净散,37
牵引器,37
康琦,37
活力型,37
善存银,37
妇科疾病,37
开胃消食,37
奇康,37
立式,37
溢美,37
仁民,37
送液体钙,37
天草,37
刮痧精油,37
成人均码,37
冠生园,37
三年,37
年老体弱,37
精确,37
护肤,37
添益美邦,37
玛卡胶囊,37
婴儿一次,37
润滑,37
远恒,37
紫砂,37
艾灸服饰,37
新汇,37
每周,37
编辑,38
陕西省,38
百会,38
健康在线,38
降温贴,38
永春堂,38
童俏俏,38
北奇神,38
枣庄,38
软座,38
龙润,38
碧凯,38
哈久盛,38
果疏丽人,38
德国品牌,38
科邦,38
洁瑞,38
昊驰,38
更娇丽,38
养生茶,38
迪尔诺,38
斯达克,38
健肌粉,38
腋下拐,38
万邦,38
息斯敏,38
迈多,38
喇叭牌,38
肿物,38
膏药,38
优乐谷,38
日精,38
惠力普,38
肩痛灸,38
小轮,38
安友,38
水溶性,38
片买,38
加华,38
易善复,38
绿色,38
复合胶囊,38
道益创,38
精准测量,38
华中,38
浓缩,38
鼻腔干燥,38
康弘,38
蓝湾润节,38
奥美康,38
膳食房,38
醒酒,38
天乐,38
更年宁,38
送维生素,38
京通械备,38
脸部,38
快速,38
撸撸杯,38
同贤堂,38
粤肇,38
新博,38
兴源,38
六安,38
腿脚不便,38
花溪,38
度太,38
舒肝颗粒,38
片组合,38
智能语音,38
颈椎疼,38
艾麦莱,38
麦迪海,38
百为乐,38
善美萃,38
三脚拐杖,38
儿童装,38
武夷山,38
新章,38
理气和中,38
每天,38
利宝,38
伊敏秀,39
科力,39
启脾丸,39
维尔,39
宛西制药,39
银杏叶,39
手持,39
清肝明目,39
沐浴椅,39
低血糖,39
防流感,39
山香圆片,39
开心人,39
刀伤,39
四世同堂,39
家庭常备,39
台湾原装,39
阜药,39
妇康片,39
小乐敦,39
小施尔康,39
营养餐,39
京丰,39
奶味,39
种口味,39
龙都,39
伤口愈合,39
民仙,39
娇颜,39
柠檬酸钙,39
外伤包扎,39
延时喷剂,39
生发片,39
喷于患处,39
万大夫,39
德鑫,39
药物型,39
如意,39
护多乐,39
全芝坊,39
皮肤伤口,39
浓缩型,39
心慌,39
健必依,39
奇星,39
金线,39
鑫亿,39
尿失禁,39
华世丹,39
天洋,39
好体面,39
马鞍山,39
冠宝,39
哮喘等,39
平民百姓,39
天耀,39
丹龙,39
乐敦康,39
家用理疗,39
北美最嘉,39
骨通贴膏,39
本溪,39
贝贝孕音,39
湖南省,39
防滑,39
新版,39
得意人生,39
年终大促,39
甘霖洗剂,39
天目山,40
早晚各,40
大洋,40
黄苦洗液,40
加强型,40
诺舒,40
清眩片,40
祛斑消痤,40
斯香妮,40
助睡眠,40
肠胃保健,40
龙城,40
欧勒,40
奥泰灵,40
腰酸腿痛,40
康普力星,40
痛经灸,40
盒疗程装,40
过滤棉,40
无菌,40
肺癌,40
巨贸,40
高粘血症,40
轩生堂,40
棉纱,40
富源,40
旁恩,40
南大博仕,40
长永康,40
喉咙痛,40
解毒消肿,40
伊膳坊,40
清咽滴丸,40
玛索,40
酵素液,40
易生万物,40
条型,40
鼻腔护理,40
泰尔超级,40
吉民,40
圣泰,40
浅表创口,40
樱花牌,40
美丝秀,40
欧仕达,40
发热降温,40
四川成都,40
宝石,40
芝露堂,40
奥默,40
好及施,40
青海,40
健典,40
依维意,40
广誉远,40
达妇宁,40
普瑞登,40
旺藻,40
真空拔罐,40
恒修堂,40
粒超值装,40
测孕,40
补充钙质,40
品秀,40
澳莱丝,40
贝亲,40
烦渴,40
润肠,40
智能手环,40
化痰,40
新盛,40
杀菌消毒,41
养血,41
颈托,41
商丘,41
丹吉儿,41
利尔康,41
金装,41
鱼跃手杖,41
正天丸,41
治疗,41
大蒜油,41
痔疮栓,41
云益,41
法国进口,41
葵花康宝,41
刺五加片,41
小分子,41
宝乐安,41
每日一次,41
金蓓贝,41
饱腹,41
闽厦,41
丰笛,41
事丰,41
棉垫,41
华葆,41
烧烫伤,41
美龄宝,41
智能,41
比特力,41
益生元,41
越翠,41
尿痛,41
巨划算,41
独立包装,41
颈椎枕,41
医用级,41
硫辛酸,41
型血糖仪,41
盖天力,41
真匠,41
康医生,41
家用包邮,41
梅州,41
食少腹胀,41
惠优喜,41
韩都,41
全铜听头,41
新乐敦,41
老人拐杖,41
阿斯利康,41
莱斯帕蒂,41
汕头市,41
济世仁德,41
利维喜,41
御健,41
津药管械,41
震震棒,41
金丐,41
达轮,41
双药,41
止血贴,41
秘鲁玛卡,41
鑫玺,41
气管炎丸,41
爱乐芬,41
头皮糠疹,41
曙光,41
美丽康,41
营养饱腹,41
康森,41
一盒,41
新品包邮,41
宁夏,42
急性咽炎,42
黛娜美,42
每隔,42
鄂州,42
易极优,42
百脉,42
畅快人生,42
御灵丹,42
温水冲服,42
闭经,42
泻火通便,42
神经麻痹,42
理气止痛,42
新谷酵素,42
火炮,42
喇叭,42
大金湖,42
热敷灵,42
朗熙,42
先灵葆雅,42
芝威,42
万河,42
邦牌,42
新品上架,42
胶源堂,42
灸热贴,42
安衡信,42
止咳化痰,42
好脸面,42
医用家用,42
乐天,42
腰酸,42
登冠医疗,42
智典,42
鑫烨,42
康尼华,42
瑞喜堂,42
孕妇专用,42
元御堂,42
皮肤外伤,42
丽珠得乐,42
南阳绿莹,42
宏济堂,42
金娇,42
金塔,42
粒保健品,42
雄腾,42
万顺堂,42
口腔,42
采幽,42
阜阳市,42
药都,42
芦荟胶,42
道君,42
熙瑞,42
代步车,42
纳豆,42
阿勒泰,42
新洲,42
济民,42
每个,42
按摩滚轮,43
中食营科,43
糖衣,43
瑞商宝莱,43
补肾,43
鳕鱼肝油,43
德百世,43
叶黄素片,43
赛豹,43
美赞臣,43
散利痛,43
厌食,43
华西牌,43
天然型,43
海健堂,43
永程,43
关节护套,43
滕王阁,43
清肠,43
京果,43
银涛,43
邦纳,43
丹媚,43
降血压,43
安士制药,43
爱世界,43
海威,43
送维,43
拐杖凳,43
黄芪,43
水果酵素,43
温灸器,43
曲亭,43
一生美,43
李夫人,43
两套装,43
康乐,43
润肠丸,43
康百力,43
青汁,43
妙巢,43
代餐饱腹,43
正品进口,43
角膜炎,43
碘酊,43
王中华,43
十八篮,43
适用于,43
事达,43
粤华,43
美容敷料,43
补气血,43
基朵,43
康萃生,43
广药集团,43
山佳,43
欧普特蒙,43
正美汀,43
内障目暗,43
唯尚,43
爱孕,43
爱脐,43
均衡营养,43
树莓酮,43
祛疤,44
双吉,44
满百包邮,44
仁济堂,44
安旭科,44
有限公,44
糖浆,44
森源,44
角膜云翳,44
彼康王,44
万田酵素,44
伊倍莱,44
龙力,44
皮肤针,44
尚本,44
启恩,44
巧克力,44
希思妮,44
助消化,44
百理王,44
用于包扎,44
带便盆,44
黄氏,44
拐棍,44
钙镁锌,44
我爱你,44
激光,44
红豹,44
具有镇痛,44
佰菓萃,44
伊健仕,44
富含,44
佳思敏,44
参苏丸,44
面色黄,44
气血亏损,44
低通气,44
人福,44
三诺安稳,44
独立装,44
滴眼液,44
维福佳,44
魅丝黛儿,44
两盒装,44
萃沛康,44
发炎,44
星天使,44
润肠胶囊,44
如新,44
送大礼,44
碧生健,44
天睐宝,44
鼻氧管,44
备羽飞,44
首儿,44
薄荷味,44
预防近视,44
爱护佳,44
允泰,44
艾魅,44
铍宝,44
飞澌美,44
公斤,44
艾莱特,44
欧普瑞,44
促进消化,44
鼻充血,44
同济,44
玉脂妍,44
男士型,44
炮苑电子,44
贝能,44
抗病毒类,44
大塚,45
纤纤情,45
鄂药监械,45
星期,45
水樱姿,45
上清丸,45
万特力,45
金太子,45
钙维生素,45
色斑,45
喜力健,45
华素,45
联保包邮,45
伤痛宁膏,45
酒渣鼻,45
足光散,45
奥非特,45
官方授权,45
玉兰,45
欧兜迈,45
芭克,45
海外直购,45
手术器械,45
少年儿童,45
纯肌酸,45
清热通便,45
得康,45
检测,45
沃达康,45
普正,45
佰丝堂,45
若丝,45
普通,45
鱼油胶囊,45
伊人,45
薄膜衣片,45
一日数次,45
硒软胶囊,45
鼻出血,45
意可贴,45
悍哥,45
艾绒,45
松鹿,45
维尔安,45
送豪礼,45
青兰紫,45
唯每乐,45
隐形,45
健康藻,45
蓝瓶,45
珍补堂,45
每盒,45
活力,45
左归丸,46
补气,46
维健康,46
保仕婷,46
白带丸,46
宝宝心语,46
回音必,46
缮康,46
膝关节,46
草莓,46
粒维生素,46
碧永维,46
奥迪康,46
随州,46
凯贝尔,46
水疱,46
柏立特,46
凹凸疤痕,46
关节活素,46
安婷,46
新天,46
妇科病,46
玛奈特,46
金优咕噜,46
克林维尔,46
按摩椅垫,46
丁克,46
想康,46
预防病菌,46
腿痛,46
恒迪,46
血压测量,46
镇痛灸,46
江绿,46
宜美健,46
清肠排毒,46
远大,46
好福气,46
成一,46
高植,46
爽健,46
鼻息肉,46
乳酸钙片,46
永信,47
苏食药,47
雅皓,47
补肾益精,47
创健,47
柯蓝,47
输液固定,47
之选,47
公主酵素,47
特惠装,47
纤衡,47
带针,47
胃灵颗粒,47
红石,47
法尔诺德,47
缓释型,47
济南市,47
降血糖,47
超值套装,47
女性专用,47
国药管械,47
抑菌,47
日份,47
胶原,47
养尚道,47
灭菌,47
幸福,47
温灸盒,47
金妇康,47
散风清热,47
银黄滴丸,47
倍乐信,47
优格,47
葵花药业,47
玛咖酋长,47
康凯,47
苏州市,47
康寿,47
澄心,47
心知,47
妙手,47
石四药,47
今生,47
益母颗粒,47
男用,47
台式,47
农神堂,47
肿胀,47
女金丸,47
康维欣,47
无限能,47
磷虾油,47
睡前,47
翌生美,47
佰易来,47
百灵,48
云开亚美,48
银桂,48
彼迪,48
百阳,48
地升,48
江苏泰兴,48
依思味,48
三七片,48
展望生命,48
小儿一次,48
绿源程海,48
雪充,48
龙鑫,48
防辐射,48
东方魔力,48
施莱医疗,48
紫鑫,48
创口处理,48
痧眼刺痛,48
宫诺,48
必能,48
东岳,48
益体健,48
个装,48
单瓶装,48
中风,48
淡斑,48
胶带,48
预防感冒,48
日本原液,48
倍轻松,48
美康利健,48
安全,48
粤妆备字,48
康泰克,48
灵芝糖浆,48
内蒙,48
迪佰特,48
乐力钙,48
艾蒂安,48
固定,48
圣晨,48
疤痕红肿,48
优乐多,48
分钟,48
德魁贝儿,48
食药,48
严重烧伤,48
清开灵片,48
神灯,48
测排卵期,48
粤食,48
有机,48
胰宝,48
百益,49
倍爱牌,49
鼎泰,49
降三高,49
摩力康,49
经济型,49
佳维片,49
贝斯曼,49
躯干装具,49
安百施,49
福建省,49
血糖,49
营养不良,49
百花牌,49
上清片,49
川成都,49
鄂天,49
药信,49
山西,49
华纳,49
香草,49
特安呐,49
雅培制药,49
女用,49
环球,49
闪亮,49
君山,49
欧利凡,49
中华,49
赛天使,49
圣特记,49
艾灸条,49
肌酸粉,49
阳江,49
康宝,49
朴雪,49
补血养气,49
奇鹤堂,49
宛西,49
头痛眩晕,49
虎标,49
仙枫斗,49
江西省,49
洗鼻剂,49
金诃,49
西藏,49
李万山,49
体表外伤,49
预防,49
臻之膳,49
排毒通便,49
贝莱,49
百捷,50
多兹,50
含蔗糖,50
岷州,50
思泰利,50
恶心呕吐,50
金箍棒,50
众生丸,50
测体温,50
湿毒清片,50
预防流感,50
九寨沟,50
维乐夫,50
电磁波,50
葆婴,50
鼻干,50
芜湖,50
秀妹尔,50
何医生,50
香山,50
康尔佳,50
官网正品,50
支扩,50
博仕珑,50
美力生,50
珑珠,50
太宁,50
康尼可,50
可尔斯康,50
先声,50
碑林,50
花粉过敏,50
方便,50
十滴水,50
四角拐杖,50
长兴科技,50
康王,50
重症昏迷,50
超力康,50
超值装,50
逸舒,50
海外,50
伊敦娜果,50
银黄片,50
超薄,50
舒秘胶囊,50
晶叶生技,50
准确,50
诺诺,51
鄂中,51
缺乏症,51
前列康,51
棉球,51
揭阳,51
艾宝,51
华北,51
疏风清热,51
便椅,51
鲁食,51
叶绿素,51
凉血消肿,51
安纽莱,51
疏肝健脾,51
太平洋,51
代餐,51
水仙,51
滋阴清热,51
中国北京,51
百多邦,51
一心堂,51
普元,51
保暖,51
歌绿郡,51
君宝康,51
鹅城,51
亚适,51
小儿,51
飞蚊症,51
雅克菱,51
粉色,51
惠婷,51
荨麻疹丸,51
胃下垂,51
海博,51
海诺,51
天天明,51
骨胶原,51
普润施,51
迪爱生,51
鹊牌,51
江苏镇江,52
暂无,52
维和,52
益生菌粉,52
劲得,52
不老森,52
好药师,52
中泰药业,52
葫芦娃,52
铁元,52
脑清新,52
欧芳,52
雪宝玛咔,52
神鹿医疗,52
玉泽,52
清咽,52
冬虫夏草,52
原妙,52
正品买,52
支架,52
支气,52
亿方,52
均码,52
铁盒,52
高钙片,52
小袋,52
玻尿酸,52
佳迅,52
聚荣,52
久紧,52
乐敦莹,52
健奥,52
一次半袋,52
金时,52
金巴开,52
止血钳,52
欣欣,52
补铁补血,52
寻趣,52
盈美健,52
临沂,52
优生妈咪,52
台湾康扬,52
活色生香,52
多多,53
关节灵,53
桂药管械,53
博抉,53
家庭创伤,53
弗泰吏,53
馨尔康,53
美丽磨坊,53
桐菊,53
补充营养,53
迈兹,53
盐藻,53
家庭装,53
千泉,53
晁氏,53
乐行,53
强力克補,53
中国劲酒,53
藏诺,53
美辉,53
京药管械,53
颈复康,53
肤阴洁,53
腋臭,53
健俪雅,53
苗仁堂,53
福建厦门,53
大卫排卵,53
艾丽,53
金六谷,53
杞菊地黄,53
育生堂,53
兰润,53
纽邦,53
典雅,53
解表化湿,53
龟甲胶,53
润洁,53
病人,53
凝胶,53
测血糖,53
测量体温,54
促销,54
浓缩磷脂,54
茶玛尤,54
大豆,54
福格森,54
欧替,54
嘉龙,54
胃痛宁片,54
药监,54
电动式,54
至臻至善,54
活血止痛,54
增值服务,54
维他纤维,54
优客仕,54
万特制药,54
补充维,54
苏械注准,54
涂擦患处,54
金嗓子,54
玉石保健,54
克装,54
新稀宝,54
国风,54
冠峰,54
伯能氏,54
腰肌,54
缓解压力,54
鄂天械备,54
震动,54
酸乳膏,54
刺痛,54
接尿器,54
水蜜桃味,54
健康树,54
清凉喉片,54
博锐,55
联邦,55
诺通,55
李时珍,55
拔罐油,55
香菊片,55
牛皮癣,55
飞云岭,55
诺天源,55
三瓶包邮,55
好万家,55
药品,55
奥地利,55
口服溶液,55
东海,55
皇家卫士,55
九江,55
鹤王,55
艾能巨,55
折包邮,55
过敏,55
五维,55
司百得,55
聊城,55
涂患处,55
抗过敏,55
中新,55
尿道炎,55
东北制药,55
号更,55
宝宝,55
稳健医疗,55
双蚁,55
感性时刻,55
怡得,55
乳清,55
贝朗,55
水飞蓟,55
阿本坊,55
童聪,55
同爱,55
护彤,55
康美锐,55
抗宫炎片,55
百爱,56
乳腺贴,56
急慢性肩,56
元包邮,56
颐圣,56
新天使,56
左旋咖啡,56
放纵地带,56
麦弗逊,56
益得邦,56
散风止痛,56
杀虫止痒,56
疲劳,56
护具套装,56
宏鹰,56
体重,56
易疲劳,56
盐城,56
清热利湿,56
逢春,56
喷雾剂,56
伯克纳,56
坐便器,56
芬兰进口,56
辉乐,56
腰疼,56
苏苏械备,56
玫瑰,56
人字,56
辰欣,56
硒片,56
亚林,56
金钙尔奇,56
患处疼痛,56
面色发白,56
康华,56
金马,56
锻炼肌肉,56
长新,56
假发梳子,56
食益补,56
康必得,56
天际,56
紫外线,56
制克,56
百善,57
脂肪秤,57
弘泰,57
达喜,57
龙发,57
日本味王,57
赵家铺子,57
世方,57
清仓,57
经鼻吸入,57
造瘘护理,57
南平,57
通用型,57
益体素,57
穴位图,57
锌咀嚼片,57
中暑,57
解酒,57
喜芝堂,57
仙灵,57
儿童鱼油,57
元和,57
备孕,57
医用纱布,57
个月量,57
医之选,57
医用正品,57
待上架,57
果畅,57
康利乐,57
月经量少,57
宏宇,57
鲁强,57
京儿,58
颈腰椎病,58
血压表,58
欧柏兰,58
适用,58
震动棒,58
果冻型,58
一洲,58
南峰,58
下鄂护带,58
远红外,58
海尔思,58
康顾多,58
磷脂,58
中族,58
石药集团,58
保龄宝,58
锌钙特,58
粤食药监,58
内脏下陷,58
百为哈,58
金宵,58
金寿,58
慢性咽炎,58
江赫,58
包邮正品,58
豫章,58
肺宁颗粒,58
瑞克苏尔,58
精装,58
居家坊,58
爱宝适,59
正官庄,59
博祥,59
康中宝,59
神苗,59
龙虎人丹,59
颈康胶囊,59
葡立,59
妻之友,59
蛋白棒,59
振华制药,59
蛋白质,59
家用便携,59
宝迪拜伦,59
中农,59
优伴,59
中美合作,59
富元康,59
弗缇罗,59
失眠多梦,59
康芝,59
博士伦,59
钙维,59
爱尔泰,59
尤卓尔,59
天麻素片,59
仁和堂,59
浙江杭州,59
浙江温州,59
牛乳钙,59
儿童钙片,59
传奇,59
泛亚,59
活络油,59
新款,59
朝美,60
伊尔爽,60
牛千岁,60
诺泰,60
苏食药监,60
路远,60
焦作,60
金果饮,60
发烧发热,60
美尔杰,60
舒适型,60
清洁,60
发网,60
正康惠仁,60
红药片,60
艾博,60
乐蜂,60
粒套装,60
保灵,60
好视力,60
儿童酌减,60
亚雄,60
康普利特,60
祥云,60
针叶樱桃,60
永孜堂,60
吸氧管,60
眼药水,60
卫安,60
特制轮椅,60
枸杞子,60
胃苏颗粒,60
用时摇匀,60
鹰帝,60
鸿洋神,60
珍珠末,60
宝丽婷,60
限购,60
爱民,60
皓月,61
发热头痛,61
舟山,61
中老年型,61
嘉应牌,61
百年康鑫,61
手套,61
台湾船井,61
核桃油,61
斯诺贝尔,61
食药监,61
众美康,61
京万红,61
倍泰,61
原名,61
康妇特,61
白藜芦醇,61
贝诺酯片,61
爱沃斯,61
美产,61
区县,61
涂搽患处,61
久道谷,61
瑞晴,61
健脾和胃,61
安准,61
整点聚,61
韵宜生,61
头疼,61
衡欣,61
璐瑶,61
皮肤瘙痒,61
独爱,61
侨芯,61
鱼跃医疗,61
荣成市,61
大麦若叶,61
江西民济,61
国产,61
盈奥防伪,61
无线,61
调节血糖,61
锥子山,61
华神,61
组合套装,61
爱心,61
护佑,61
肺胃热盛,62
上海市,62
日本原装,62
青峰,62
豪斯,62
欧泰康,62
高性能,62
特价促销,62
高分子,62
皮康王,62
希尔生,62
生命密码,62
呼吸系统,62
免疫力,62
怡禾康,62
圆素,62
聪慧牌,62
中航工业,62
泗滨神石,62
伊噢,62
头皮屑,62
曼吉,62
类风湿,62
手术伤口,62
苹果,62
睿乐,62
大力神,62
腹可安片,62
菏泽,62
贝洋,62
知柏地黄,62
华南牌,62
眼睑炎,63
华夏协同,63
蓝钥匙,63
屯河,63
世佳,63
香港进口,63
玉川,63
电池,63
引流袋,63
安普,63
鹏鹞,63
药王制药,63
春萌,63
福海,63
控制体重,63
狂欢节,63
和盛堂,63
运动,63
翌真,63
正大,63
整肠生,63
保护关节,63
安徽省,63
乐慕,63
班寨,63
防感染,63
乐康膏,63
顺势,63
盖克,63
玉石,63
智能臂式,64
维妥立牌,64
肠炎,64
鼻炎康片,64
古之极,64
专用,64
东宝,64
海鹰公司,64
瑞珠,64
金诺康,64
金施尔康,64
御信堂,64
刮痧套装,64
高原昏迷,64
安氏,64
女士专用,64
硒旺,64
明目眼贴,64
方健,64
肾宝糖浆,64
牛角,64
灵方,64
伊藤良品,64
肝病面容,64
普林松,64
元生泰,64
近弱视,64
采森,64
晒疮,64
菇宝,64
修正堂,64
优曼德,64
康美信,64
三星,64
艾恩麦斯,64
超值,64
尼亚人,64
腋下拐杖,64
倍耐力,64
限时特价,65
大蒜素,65
源安堂,65
蔓秀莱施,65
单听,65
植源素,65
兰博士,65
橘红颗粒,65
上饶,65
河北衡水,65
葡氏,65
享健,65
泰兴,65
粒软胶囊,65
可可康,65
淡香,65
早孕,65
逆时针,65
优锐,65
瑞迪恩,65
艾纳香,65
凯思立,65
计尔康,65
金康倍,65
定坤丹,65
万华普曼,65
纳世凯尔,65
伊美洛,65
铁皮石斛,65
威阳,65
华山牌,65
进口正品,65
喉痛灵片,65
克霉唑栓,65
海狗油,65
验孕试纸,65
盛力源,65
灵芝胶囊,65
彩之源,65
爱邦,65
麦迪芬,65
妈咪爱,66
座厕椅,66
视力衰退,66
珍珂儿,66
改善便秘,66
特惠,66
红帆,66
花红,66
呼吸衰竭,66
世道,66
水肿,66
内服,66
保护肝脏,66
亿佳乐,66
飞机杯,66
盖笛欣,66
名仁,66
爱卫,66
维特健灵,66
台州,66
手动轮椅,66
御本堂,66
新峰,66
耳道式,66
片正品,66
诺瑞特,66
糖道,67
沐舒坦,67
宏兴,67
代代木,67
康爱多,67
急性,67
光盾,67
金石,67
正品家用,67
璇爱,67
南国,67
声霸,67
真空,67
得菲尔,67
加劲,67
优洛,67
护理液,67
家庭备用,67
处理伤口,67
舒神,67
广东长兴,67
吴江,67
御道,67
痰咳净片,67
丁医生,67
吸入剂,67
威尔康,67
晕机,67
儿童维,67
法娜拉,67
医用病床,67
博闻,68
多个,68
亚麻籽油,68
管路,68
美园康,68
营养品,68
玉兔,68
格林斯通,68
卫妆特字,68
济药,68
贝迪柏丽,68
飞赛乐,68
冠周炎,68
华伦弘力,68
娇妍,68
如日中天,68
大印象,68
二丁颗粒,68
猴头菌片,68
国食药,68
家用臂式,68
元换购,68
兰州,68
牛初乳粉,68
南海岸,68
悠生堂,69
镇江,69
沛元,69
左旋肉减,69
假性近视,69
藿胆丸,69
手杖凳,69
多功能,69
件套,69
倍柔情,69
坤宝丸,69
万孚,69
肿痛,69
恒诚制药,69
嘉兴,69
茶包,69
安稳,69
抗辐射,69
中一,69
泰诺林,69
再康,69
迪康,69
美容仪,69
仙琚,69
千草堂,69
氨基酸片,69
草珊瑚,69
护理,69
家瑞康,69
耐缺氧,70
咳特灵片,70
疼痛等,70
滋阴补肾,70
喷剂,70
粤械注准,70
雅氏,70
江苏苏州,70
绿瘦商城,70
瓶组合装,70
朗依,70
特一,70
香草口味,70
蒂纯,70
鼻塞流涕,70
荆州,70
盖中盖,70
调节三高,70
手脚麻木,70
太阳,70
外用散剂,70
康源,70
名露,70
头晕胸闷,70
气促喘息,70
家庭药箱,70
活血,70
澳克罗健,70
奇炜,70
肝郁气滞,70
远燕,70
砭石,71
伊美婷,71
博科,71
商品名,71
添益,71
孔孟,71
伊露丝,71
康蓓健,71
止咳,71
再送,71
粒组合,71
河南省,71
安药,71
内服外用,71
护眼贴,71
送同款,71
安全带,71
关节疼痛,71
健都,71
三九牌,71
湖北武汉,71
力能高,71
灭菌级,71
冀州市,71
星群,72
茂祥,72
益多元,72
紫金山泉,72
奶蓟,72
高血糖症,72
东盛,72
珍奥,72
美宝,72
高原反应,72
乐家老铺,72
夜尿频多,72
中外合资,72
玛特纳,72
施乐辉,72
益美健,72
天泰,72
可兰,72
华亚,72
九连山,72
藏雪玛,72
康同佑,72
瑞商冠军,72
润滑油,72
秦皇岛,72
局部垫圈,73
安心对杖,73
宝德润生,73
仙特明,73
泰瑞乐,73
电动普通,73
适量,73
片试纸,73
半宙,73
云龙,73
索伊美,73
平康,73
九龙,73
菌痢,73
钰美泰,73
香港,73
润滑液,73
耿乃光,73
伏羲,73
日田,73
明仁,73
诗洁,73
金奥力牌,73
滇虹,73
康乐宝,73
睡眠仪,73
珮夫人,73
羊城牌,74
邦琪药业,74
骨关节炎,74
海洋奇力,74
云鹏,74
水果味,74
外伤消毒,74
肩周,74
流感,74
饭后服,74
消炎止痛,74
仙河,74
宝丽,74
康加美,74
年中大促,74
草本屋,74
生命方程,74
粤穗,74
改善贫血,74
顺峰,74
商城,75
肝损伤,75
梳香世家,75
多宝,75
施罗德,75
附件炎,75
龙门,75
代餐奶昔,75
梁介福,75
辉瑞,75
美皮护,75
带雾化,75
医用棉球,75
三生蔻,75
卡型,75
白马,75
龙潭山,75
斐思,75
白花油,75
上元堂,75
电疗,75
双鹤药业,75
天光,75
秦皇岛市,75
层脱脂棉,75
精华,75
三益,75
朗迪,75
大蜜丸,76
大蒜精油,76
拜安捷,76
油性肤质,76
成人每次,76
先声再康,76
软头,76
瓶送,76
健佰龄,76
中美合资,76
皮肤,76
东药,76
清热利咽,76
科亚电器,76
侨星,76
澳福来,76
健脾丸,76
花香四季,76
科瑞,76
轻姿,76
奥纳,76
吗丁啉,76
粤食药,76
栢年健体,76
中风偏瘫,76
心肝血虚,76
护眼,76
世康特,76
肾宝,76
美迪信,76
胸部,77
品牌商城,77
华森,77
祛斑大,77
鼻罩,77
美林,77
食母生片,77
罗定,77
力荐,77
爱可声,77
清华紫光,77
魔尔,77
欣诺宁,77
贝德氏,77
温度计,77
克尔,77
艾灸,77
血糖试条,77
好怡生,77
晶珠,77
上龙,77
大豆蛋白,77
干性肤质,78
清咽润喉,78
蛔虫,78
绿海,78
伤口包扎,78
焦虑,78
更年安片,78
德尔,78
健美生牌,78
厘米,78
挪帝克,78
泰恩康,78
百合康牌,78
吉备,78
康普森,78
流血,78
透气,78
叶同仁,78
海斯倍丝,79
美白养颜,79
六味地,79
绿晨,79
手动,79
清热燥湿,79
物理降温,79
红色,79
理疗,79
验孕,79
舜师,79
盒送,79
银黄含片,79
家庭护理,79
正品保证,79
优卡丹,79
单纯疱疹,79
骨折,79
带状疱疹,79
百绿,80
希格玛,80
改善视力,80
卵巢保养,80
屈臣氏,80
好娃娃,80
疱疹,80
尿素乳膏,80
胃痉挛,80
窒息,80
诺得胜,80
佛山市,80
久爱,80
健身增肌,80
太龙,80
折叠轻便,80
克刻,80
爱碧丽,80
华汉针神,80
骨质疏松,80
沙眼,80
普乐安片,80
富乐维,81
正露丸,81
喜玛拉雅,81
树志机宜,81
片包邮,81
鹿角胶,81
颈椎腰椎,81
潜龙,81
生命一号,81
博凯维康,81
日研,81
眼部,81
怡成超越,81
百善为民,81
通化,81
苏州医疗,81
前列腺炎,81
免邮,81
碳酸钙片,81
水管式,81
冠儒,81
合剂,81
台糖,81
莎普爱思,81
咖啡,81
高血脂,82
维宜,82
瘦身,82
疗程,82
槐角丸,82
鹿胎膏,82
三圣宝,82
龙韵,82
鳞屑,82
伊康美宝,82
吸氧机,82
便携装,82
月见草,82
昆明中药,82
蜂王浆,82
调节免疫,82
优氏,82
御室,82
针炙包,82
维多莱,82
抗菌,82
外伤流血,82
朴爱,82
新华,82
你滋美得,83
氧气瓶,83
康本龙,83
万基,83
新康泰克,83
盎司,83
弱听,83
嗜睡,83
固表,83
滋新,83
百利达,83
语音,83
鼻朗,83
隆顺榕,83
喉舒宁片,83
奇正,83
丽波,84
糖浆剂,84
体重秤,84
伤口外用,84
天使之想,84
护肝片,84
宫颈炎,84
香橙味,84
足浴盆,84
热敷垫,84
宫廷,84
信利仪器,84
妇舒丸,84
乐赛,84
佛山东方,84
辽宁省,84
家用医用,84
金尼,84
立昌,84
更年期,84
西班牙,84
血压,84
秘诱,84
中耳炎,84
今辰,84
排卵,84
儿童补钙,85
贝兴牌,85
海力医生,85
降压仪,85
金吉酶,85
康源程海,85
苹果醋片,85
新加坡,85
仙竹,85
国食,85
白天嗜睡,85
护肝,85
酚咖片,86
张家港,86
喜浪,86
酒精棉球,86
九洲,86
珍生,86
早泄,86
尿裤,86
荷柏瑞,86
太福,86
妇炎康片,86
佰姿妍,86
采血笔,86
康复之家,86
酸胀,86
俏楚,86
太爱肽,86
阿希米,87
薄膜衣,87
康麦丽威,87
防褥疮垫,87
风疹,87
六棉牌,87
迈莱克,87
雀巢,87
脚踏,87
会好,87
萨涞,87
美国正品,87
厂家直销,87
步长,87
康萌,87
瓶组合,87
绷带,87
海狗丸,87
朱氏堂,87
尿后余沥,88
鼎力,88
腰腿疼,88
成人一日,88
偏头痛,88
纤雅,88
万岁,88
澳诺,88
静心康,88
五环牌,88
达乐,88
纳豆激酶,88
金复,88
碳酸钙维,88
送赠品,88
或遵医嘱,88
伤口处理,88
莱德洛,88
止汗,88
护创,88
补水,89
衡助康,89
保和堂,89
黑哈,89
折叠伸缩,89
防感宝贝,89
疝气,89
瘦功夫,89
液晶显示,89
爱尔兰,89
美雅,89
康敏捷,89
总统牌,89
心意,89
恒明医疗,89
胃溃疡,89
天龙,89
雪梨膏,89
精准,89
刮痧,89
暖宝宝,89
玛咖胶囊,90
大来,90
吉春黄金,90
宝迪斯,90
清创敷料,90
魅芙人,90
荣昌,90
提升精力,90
康乃格,90
泰安,90
时珍验方,90
原品,90
绿森林,90
增肌,90
金银花露,90
保护眼睛,90
健维士,90
碘伏消毒,90
千足,90
纽诺迪科,90
送礼佳品,90
补血,90
炎症,90
幸色,90
天方,90
孕友,90
腰椎疼痛,90
华明康泰,90
残疾人,90
华润三九,90
纳百特,90
防水,90
养光,91
澳洲原装,91
蝶翠诗,91
瓶礼盒装,91
粒胶囊,91
肌肉萎缩,91
纯肌酸粉,91
金毓婷,91
减肥产品,91
金一百,91
玛卡精片,91
亚都,91
圣普,91
艾柱,91
补充叶酸,91
赫力仕,92
中老年人,92
浙江省,92
致仁堂,92
万安博,92
万福,92
在田,92
瑞商,92
止痒,92
余良卿号,92
保湿,92
爱巢,92
缓解疼痛,93
武汉国灸,93
清正固源,93
益康,93
粒买,93
特丰,93
奶昔,93
小颗粒,93
诺和笔,93
解毒,93
常青树,93
玉林,93
海斯莱福,93
生血剂,93
冬凌草片,93
辅舒良,93
三多,93
潍坊,93
关节等,94
森蜂园,94
黑色,94
悦邦,94
弹性绷带,94
环西,94
全日康,94
减肥茶,94
眼痛,94
乐仪,94
郭百年,94
地奥,94
全身疼痛,94
海力生,94
好护士,94
罗康全,94
风湿性,95
疤痕贴,95
欧意,95
澳之健,95
修正药业,95
慢性鼻炎,95
酷特利,95
新包装,95
金新兴,95
咽峡炎,95
中国深圳,95
测血压,95
来益,96
鱼跃轮椅,96
欧畅,96
口疮,96
橘红丸,96
体验装,96
复合,96
汉方,96
感冒发热,96
拔火罐,96
减肥瘦身,96
叶酸铁片,96
颈椎疼痛,96
男性保健,96
适用对象,96
血压仪,97
龙泰,97
耐磨型,97
麻仁丸,97
岳阳,97
正品防伪,97
咸阳,97
测试,97
饭后服用,97
太阳石,97
煎药机,97
福胶,97
婴之侣,97
张恒春,97
双手双脚,97
胃脘痛,97
宫颈糜烂,97
诺斯清,97
冻伤,97
包扎伤口,97
稳豪,97
龙牡,97
欧菲尔迪,97
脱脂纱布,97
济仁,97
浙嘉,98
连用,98
私享玩趣,98
泰华堂,98
立适康,98
美似,98
柏年康成,98
中联,98
易吸收,98
防护口罩,98
成人尿裤,98
视力下降,99
羊胎素,99
官方防伪,99
华伦,99
提神醒脑,99
桑海,99
西安杨森,99
送礼,99
益母草膏,99
烊化兑服,99
酵父,99
益寿堂,99
宝健,99
热恋,99
康培尔,99
按摩靠垫,99
买一赠一,100
慢性胃炎,100
维他多,100
酵能,100
胁痛口苦,100
力生,100
清咽片,100
准字,100
玫瑰糠疹,100
骨关节痛,100
高邦,100
白发脱发,100
畅乐,101
党参方,101
天猫正品,101
孔府,101
泰康,101
季节,101
助行,101
扬子江,101
芬必得,101
保肝护肝,101
橙味,101
奥莱健,101
可轻,101
气圈,101
曼诺,101
护大腿,101
威莱,101
月经量多,101
牛初乳片,101
养颜,102
增肌粉,102
六味地黄,102
心绞痛,102
益佰,102
澳惟,102
调经止带,102
比扬,102
柠檬味,102
抑郁,102
养血调经,102
近视,102
小儿肺炎,102
牙龈出血,102
一测安,102
纽兰,102
美白祛斑,102
帝唯尔,102
云南绿,102
吸痰器,102
护颈,102
紫竹,102
科诺,103
氧气机,103
肌酸,103
华鸿,103
早早孕,103
海王金樽,103
昆山,103
蜂胶,103
冀石,103
普济堂,103
伊宁曼,103
合肥,103
同款,103
拜安康,104
福源玛咖,104
清热泻火,104
简爱,104
消糜栓,104
异物感,104
阿咖酚散,104
笔型,104
山东济南,104
女士型,104
美白淡斑,104
美体康,104
通气鼻贴,104
止鼾器,104
独圣,104
甜橙味,104
爱乐康,104
每晚,104
布洛芬片,105
鱼肝油,105
佐今明,105
鑫福来,105
摩美得,105
调理肠胃,105
俊宏,105
美国直发,105
舒适达,105
全安素,105
斑秃,105
气短,105
元素片,105
随身灸,105
众生,105
针灸针,106
百合,106
可美康,106
一次一粒,106
增强体质,106
莱俪迩,106
徐州,106
贝特令,106
复真,106
束腹带,106
大豆磷脂,106
美诺诚品,106
意外怀孕,106
压片糖果,106
神奇,106
无线遥控,106
恒康,106
同济堂,106
雅力斯,106
副银屑病,107
雅塑,107
家家乐购,107
四脚安稳,107
双一,107
所有,107
湖南长沙,107
老君炉,108
济民可信,108
年年康,108
情趣用品,108
葡萄糖胺,108
鼾症,108
养营堂,108
金钟,108
活血调经,108
沈阳红药,109
益气,109
聚品牌团,109
洗鼻盐,109
针炙银针,109
富莱欣,109
臭氧杀菌,109
多买优惠,109
负离子,109
天麻胶囊,110
悦准,110
好孕,110
常州,110
肛灼热,110
蜂胶胶囊,110
五景,110
蓝色,110
肺肾两虚,110
天圣,110
中国台湾,110
开瑞坦,110
中美史克,110
活血化瘀,110
新和成,110
国药,110
家用正品,110
全部,110
希尔安,110
天施康,111
亲净,111
预售,111
震动夹,111
瑞典,111
秦鲁,111
太行山,111
双蝶,111
青钱神茶,111
带座面,111
滴鼻剂,111
阳光人生,111
痛经贴,111
秒杀,112
中一牌,112
科蓉,112
老中医,112
快舒尔,112
药业,112
电动翻身,112
佳怡宝,112
康德莱,112
天松,112
酵素粉,112
葡萄籽维,112
健康药业,112
纽贝伦,112
天来,112
手腕式,112
天装,112
洛阳,112
盗汗遗精,112
组合装,113
腕式,113
漳州,113
憋气,113
玛丽安娜,113
月品牌团,113
杨济生,113
芦荟胶囊,113
神鹿,113
升级版,113
奇特,113
百神,114
紧急避孕,114
护肩带,114
协和,114
营养片,114
囊肿,114
汕尾,114
阳痿,114
导尿管,114
拉伸,114
凯迪泰,115
阳痿不育,115
检测试纸,115
康蓓嘉,115
按摩棒,115
氨糖,115
活性炭,115
台胜,115
乌鲁木齐,115
征里,115
谷维素片,116
固本堂,116
感冒发烧,116
盒套装,116
便携式,116
便携,116
白敬宇,116
含维生素,116
兵兵,116
天鉴,116
冻疮,116
肾宝片,117
电动带厕,117
所有人群,117
广州市,117
方略,117
华素片,117
座便椅,117
双听,117
口苦,117
禾邦,118
遠東生技,118
棉棒,118
新品上市,118
疏通经络,118
慢性炎后,118
面黄肌瘦,118
金象,118
开口袋,118
伯力斯,118
金动力,118
护脚踝,119
乐布林,119
桂林三金,119
龙马负图,119
美容,119
丹阳,119
碧源清,119
桂龙,119
买一送二,119
康缘,119
美国时刻,119
大桥,120
中亚牌,120
简装,120
午时,120
上海医药,120
南洋,120
调经,120
伊健士,120
魔芋粉,120
按摩捶,120
腋拐,120
蓓键源,120
香港久兴,120
尿素维,121
灌肠器,121
手动式,121
青春宝,121
明药堂,121
甘肃,121
擦擦净,122
岁儿童,122
维澳佳,122
祺鑫,122
棉签,122
汉源,122
两瓶装,122
豪邦,122
纽特舒玛,122
盘龙,122
赛恩康,122
无菌纱布,123
雅博,123
昆中,123
肽诱人,123
补充锌,123
粤微,123
阜阳,123
脉迪,123
无蔗糖,123
花城,123
定时,124
益家美,124
康慈,124
妈富隆,124
温州,124
三高,124
包扎,125
全鹿丸,125
康力基,125
安特卫,125
健力多,125
先霸,125
扭伤,125
保护视力,125
羿天下,125
君碧莎,125
黄褐斑,125
暖宫贴,126
足浴粉,126
春水堂,126
好唯他,126
消肿,126
康泰,126
巢之安,126
医用手套,127
格林宝贝,127
银诺克,127
鲁济,127
无痕尚品,127
美贝健,127
达而泰,128
贵州苗药,128
拔罐,128
迎风流泪,128
西洋参,128
眼流泪,128
厂家直发,128
健康,128
心脏杂音,128
晕船,128
品盾,128
耳背式,129
肠胃,129
鸡眼,129
验孕棒,129
天使艾美,129
复合片,129
刻康,129
川木,129
韵之安,129
纱布块,129
退热,129
打嗝,129
手术,129
维力多,130
澳王,130
安倍康,130
舒尼美,130
达因,130
天量,130
丁硼乳膏,131
小创口,131
冰宝贴,131
可益康,131
芊动,131
一次一片,131
大便不调,131
改善记忆,131
消炎片,132
全国包邮,132
银黄胶囊,132
内蒙古,132
身体疼痛,132
华北制药,132
理生源,133
有防水盖,133
福达康,134
烧伤,134
洁尔阴,134
原味,134
滴鼻,134
德莫林,134
福施福,134
鸿泽堂,134
几木朵,134
衡水,134
肺肾阴虚,134
刮痧油,134
天然维,134
赠品,134
雪力仕,134
诺兰,135
红印,135
玉疗,135
京都,135
哈慈,135
陶瓷,135
老年人,135
神疲口燥,135
老人轮椅,136
台湾进口,136
补气养血,136
泰昌,136
补充铁,136
喘急气促,136
乐心,136
半生缘,136
威氏,137
惠生宝,137
威莱斯,137
十万山,137
康美,137
日圣,137
超级,137
善泽,138
疝气治疗,139
苹果醋,139
苗泰,139
纱布,139
乐喜,139
成长快乐,139
泰尔茂,139
莎丽雅,140
贝缤纷,140
粒包邮,140
美敦力加,140
维纤宝,140
幸福来,140
护腕,140
加维生素,140
肌苷片,140
弱视,140
常熟,141
康众之家,141
健得龙,141
粒正品,141
雷氏,141
以岭,141
肤痒颗粒,141
金鸡,141
粤珠,141
伤口消毒,141
山本汉方,142
生物制品,142
安美来,142
运动损伤,142
肾阳不足,142
须发早白,142
噢吗哪,142
百瑞,143
凯亚,143
华佗佳人,143
前列腺,143
川奇,143
肝炎,143
乐康佳美,144
敷轻松,144
德昌祥,144
琦莎,144
一正,144
臂式,145
费雪派克,145
百灵鸟,145
保护,145
温灸棒,145
维美健,145
中性肤质,145
纽士健,145
纳差,145
盈奥,146
口干,146
国食药监,146
人初油,146
天天乐,146
软骨素,146
哈药六,146
康复,146
按摩,146
胡庆余堂,146
祛斑,147
奈梵斯,147
冯了性,147
胶丸,147
手动翻身,147
本草纲目,147
丽珠,148
阴阳失调,148
妇科炎症,148
紫花苜蓿,148
天和,148
贵州百灵,148
百瑞哺,148
黄丸,148
享全健,148
华康,149
鼻痛,149
买一送,149
鼻可乐,149
善存银片,149
端药,149
治疗仪,149
金参堂,149
颈椎炎,149
意大利,150
蓝莓味,150
香雪,150
曦素,150
桂龙药业,150
吉春,150
卡通型,150
现货,150
肛肿痛,150
瘫痪,151
测利得,151
一清颗粒,151
斯强,151
护肘,151
止痛,151
盆腔炎,151
创盈,151
体倦乏力,152
大象,152
干眼症,152
痒痛,152
带轮,152
冷敷,152
黄金海岸,152
创口,152
详见说明,152
以上机型,153
广东深圳,153
恩喜曼,153
居康,153
哈药六牌,153
唐龙,153
淑女,154
天使之音,154
口腔炎,154
河北冀州,154
陈李济,154
一件式,155
自动按摩,155
英华融泰,155
解酒护肝,155
迈思,155
纳瑞仕,155
坐便椅,155
香港直邮,155
威之群,155
卫消字,155
无糖,155
急救用品,155
表虚不固,155
腰腿疼痛,156
软骨病,156
中科,156
买一送三,156
康魄商贸,156
糜烂,156
多动,157
诺金,157
三奇堂,157
太平,157
半自动,158
氧气袋,158
脾气两虚,158
面膜,158
达克宁,158
伤口护理,158
古德海兹,158
源生堂,158
中德,159
小时,159
迈德斯特,159
乔倍尔,160
蒙脱石散,160
斯利安,160
肛出血,160
梦多易醒,160
手足多汗,160
三也真品,160
一次一袋,161
方祥,161
清凉油,161
天水,161
金秀儿,161
保护心脏,162
原装正品,162
穿心莲片,162
淋巴水肿,162
顺德,162
大保龙,163
左旋,163
维您,163
生脉饮,164
多维,164
赤尾,164
氧立得,164
诺丝,164
中国灸,164
诺和针,164
蛇麻草,164
心肾不足,164
和平药房,164
含甘油,165
痛风,165
株洲,165
双鲸,165
头部,165
局部外用,165
补铁,166
慢阻肺,166
螺旋藻片,166
气压,166
割伤,166
消肿止痛,167
成人及,167
信利,167
一日两次,168
纳呆食少,168
龙马,168
百福美,168
癫痫,168
条装,168
按摩枕,168
眼睛瘙痒,168
皮脂汗腺,168
小创伤,169
广东佛山,169
三勒浆,170
水蜜丸,170
玛卡益康,170
元邦,170
米奥,170
补锌,171
天赐源,171
水丸,171
眼睛红肿,171
新力,171
特舒,171
便盆,172
瑞士,172
四肢不温,172
巧克力味,172
保和丸,173
童年时光,173
肺心病,173
敖东,173
伊藤,173
西铁城,173
十二篮,174
脉博士,174
爱奥乐,174
大山楂丸,174
倍恩力,174
生酵素,175
爱乐维,175
中山市,175
排毒,175
清热,176
岁以上,176
保健精品,176
硬膏剂,176
启敏,177
套餐,177
氧生活,177
王老吉,177
乳膏,177
成人型,177
晕车贴,178
双盛医疗,178
冲浪功能,179
玛卡片,179
原装,179
康维他,179
镇痛,180
计生用品,180
洪达,180
美国原产,180
晕车不适,180
声音嘶哑,180
新盖中盖,180
小儿维矿,180
儿童一次,180
纯天然,180
口干津少,180
维骨力,181
贵州,181
皮肤消毒,181
互邦轮椅,181
养阴润肺,181
气虚血瘀,181
百乐,182
刮痧器具,183
维格拉,183
豪氏,184
腰椎病,184
安美奇,184
蓝莓,184
辅助工具,184
泌尿生殖,184
黄金搭档,184
假发发网,184
夜惊,184
多乐士,184
凝胶剂,184
胶体金法,184
祛湿通窍,184
咽炎,185
呼吸暂停,185
缓解疲劳,185
雷允上,185
三精制药,185
宝尔通,185
珍视明,185
流鼻涕,185
良品,185
静脉曲张,185
脱脂棉球,186
朝日,187
每日每加,187
烫伤,187
瓶包邮,187
力度伸,187
国医研,187
手动带厕,187
恒温调节,188
达仁堂,188
震动环,188
草莓味,188
施贵宝,188
脑白金,188
花青素,188
玛咖精片,188
美益天,188
绍兴,189
伊可新,189
品健,189
佰纳吉,190
白内障,190
护小腿,190
便血,190
美白,190
口臭,190
南阳,191
气阴两虚,192
斑疹,192
周林频谱,192
大便器,192
假发支架,193
生命力,193
印度,193
普通四脚,193
湖北省,193
山东省,193
龙虎,194
吉大夫,194
乐仁堂,194
唐山,194
信龙,195
果维康,195
一次性,196
大号,196
钙咀嚼片,196
弹性型,196
痰黄,196
坐垫,196
买就送,196
易生美,196
江苏鱼跃,197
软糖,197
瓶套装,197
体恒健,197
生物多糖,197
机械测量,197
国食健字,198
送礼品,198
男士,198
包顺丰,198
正品特价,198
天维美,198
天福康,198
纤音,199
宜昌,199
丽彩芳姿,199
凯洋,200
维他命,200
强健骨骼,200
创伤伤口,200
桂林,200
紫一,200
凌远,201
程海湖,201
眼部干涩,201
口舌生疮,201
惠州,201
盈奥正品,201
医食同源,202
金维他,202
东信,202
新肌饮,203
蔻拉蜜,203
出血,203
东营,203
盛唐本草,203
起搏器,204
博瑞莹康,204
利洁时,204
氧气盒子,204
除臭,204
世一堂,205
罗浮山,205
出诊箱,205
按摩披肩,206
使用效果,206
小儿酌减,206
酵素原液,206
立减,206
荷氏,207
婴幼儿,207
女士,207
爱必顿,207
荷兰,207
中智,207
遗精早泄,207
天士力,207
冀州,207
特价包邮,207
心脾两虚,207
美丽快攻,208
臀部,208
德国进口,208
抗衰老,208
涂于患处,209
港德,209
御坊堂,210
脘胀腹满,210
奥乐滋,210
高含量,210
一日一次,210
长白工坊,210
环绕螺纹,211
晕动症,212
马来西亚,213
永辉,213
安美瑞,213
轩庆,213
潘高寿,214
喜瑞,214
食少体倦,214
佳莱福,214
宝诺美,214
粤深,214
酒精消毒,215
森山,215
提高免疫,215
降血脂,215
宜春,215
名实,215
品牌团,216
网球肘,216
疤痕,216
惊悸,217
盘龙云海,217
康美海岸,218
和治,219
固体饮料,219
然自自然,219
小林制药,219
增健肌粉,220
海外直邮,220
痰少,220
不含,220
蒲公英,220
祛痘,221
高博特,221
四脚拐杖,221
买三送一,221
手指,221
信谊,222
德州,222
大颗粒,222
扁平苔藓,222
小盒,222
牙龈炎,223
贴装,223
充电,223
鹰君,224
好健康,224
新疆,224
视物不清,225
湖州,225
健乐多,225
神威,225
星鲨,226
江航医疗,226
静心,226
烦躁,226
牙龈肿痛,227
使用方式,227
福士得,227
煎药壶,227
汇仁,228
肩周炎等,228
忘不了,228
罐装,229
字第,230
优卡力,230
双唑泰栓,230
体动提示,230
座便轮椅,230
无糖型,231
妇炎洁,231
人份,231
香草味,232
吊架,232
晕车,232
减肥胶囊,232
泰国,232
疮疖红肿,232
舒尔美,233
心气不足,234
雅德,234
小号,234
康庄,234
云丰,235
按摩系列,236
松下,236
可伸缩,236
打呼噜,236
记忆减退,236
归脾丸,237
缺氧人群,237
贴于患处,238
恩威,238
井藤汉方,239
亚宝,239
好医生,239
好评返,240
免疫调节,240
扁桃腺炎,241
眩晕,242
昏迷,242
新品,242
沃华泰康,243
二件式,243
疲倦食少,243
半边天,243
维亭,244
东方,244
健民,244
腰腿痛,245
初元,245
东森严选,245
泰邦,247
银翘片,247
塑型美体,247
视力模糊,248
买二送一,248
棉布,248
三金,248
可折叠,249
砭圣,250
郑州,250
银黄颗粒,250
奇力康,251
纽倍乐,251
澳利维,251
直肠给药,252
绿盾,252
防水透气,252
泗玥,252
气短口干,252
液体水溶,253
心律不齐,253
额定载荷,253
中气不足,254
盒包邮,254
计步器,254
澳洲进口,254
仙鹤,254
纽斯康,255
肝胃不和,255
诺和诺德,255
尿杯,256
云昆,257
上海医疗,257
创可贴,258
高血糖,258
月经过多,258
久奈,258
仙芝楼,258
加宽轮椅,258
圣彼德,258
镊子,258
银京,259
电源,259
辅仁,259
龙贝儿,259
科力斯,260
蚊虫叮咬,260
康琪,260
三九,260
雅润,261
咽下不利,261
小儿腹泻,261
养延,262
汤普森,262
御生堂,262
鄂药管械,262
森活健康,262
宁波,263
伟康,263
消炎,263
折叠,264
刮痧板,264
系列,264
脱毛,265
腾药,265
佳蓓,265
手足皲裂,265
皲裂,266
腰酸背痛,266
无力,266
健身,267
凉血利咽,268
清火片,268
玛咖片,268
坐厕椅,268
迪巧,268
规格,269
轻便,269
泰州,270
祛黄褐斑,270
健之佳,270
褪黑素片,270
贴患处,272
按摩器,272
模式,272
定制式,273
上臂式,273
国仁,273
银屑病,274
嘉康利,274
口鼻干燥,274
艾申特,275
拍打,275
惠好,276
钙镁片,277
磁性,277
脾肾虚损,277
条纹状,278
异形,278
挪威,279
上海互邦,279
颜如玉,279
深圳市,279
补充,280
益普利生,281
风湿,281
排毒养颜,281
组合,282
代餐粉,283
超长波,283
岁一次,283
康尚,284
杀菌,285
海尔,285
江苏省,285
口腔溃烂,286
叶酸片,286
美媛春,287
瑞莱,287
体温计,287
脚部,287
血氧仪,288
排水方式,288
马应龙,288
水位高度,288
扶手可掀,288
达尔梦达,288
一天,288
健康秤,288
厌食症,290
可丽蓝,290
恒健,290
立效,290
礼盒,290
松古树美,290
红曲,291
结膜炎,291
乃琦斯,292
邦迪,292
芳珂,292
德众,292
轮椅车,293
敬修堂,293
三黄片,294
暂定,294
慢严舒柠,294
利君,294
天美健,295
一日三次,295
护腰带,296
能量堡垒,297
白兰氏,297
卫消证字,297
肾气虚,298
痔疮,301
发少发黄,302
顺丰包邮,302
后背可折,302
心悸,302
关节,303
开颜,304
金日,304
增强免疫,304
护带,304
普通感冒,306
耳背,307
肛温,307
好一生,308
腿部,308
隆力奇,308
特格尔,308
防病菌,311
推拿,311
额温枪,312
深蓝健康,312
调节血脂,312
宣城,313
京首,313
嘉为恩,313
肌肉科技,313
袋装,313
耳温枪,313
阴虚火旺,313
玛咖,314
化脓,314
经立通,315
沙棘,315
凯镛,316
助邦,316
双心,316
视物模糊,317
盗汗自汗,318
扬州,318
船井生医,319
弹性袜,320
小伤口,320
澳洲,323
车载型,324
江苏丹阳,324
全金,324
通便,325
明治,325
碧萝芷,325
小儿肠胃,326
香熏理疗,329
欧米伽,329
配件,329
浙杭,330
开塞露,332
阿胶,332
夜盲症,332
长兴,333
手动双摇,333
心肌梗塞,333
美容养颜,333
艾怡佳,334
保健枕,334
牙周炎,334
指压,334
如医,335
立喜乐,336
精血不足,336
手动单摇,336
拜耳,339
目涩畏光,339
伤口敷料,339
胃肠炎,340
空气垫,341
佛慈,341
福州,341
女士洗液,344
南瓜,344
布鲁拜尔,344
瑞声达,344
可折电动,345
石药,347
日本直邮,348
液体钙,349
欧洁,350
肌肉痛,351
退烧贴,351
南通,352
白癜风,352
保健,352
禾健,353
天狮,353
畏寒怕冷,354
吉安,354
带遥控,355
荨麻疹,356
汉磁,358
尚牌,359
爱安德,360
南瓜籽,360
医用,360
背部,360
眼疲劳,361
纽崔莱,361
玛卡,362
安美氏,363
延缓衰老,363
防微颗粒,363
新生命,363
钙软胶囊,363
九芝堂,365
进口,366
爱侣,366
功效,368
盒套餐,370
小轮便携,370
百纯萃健,370
医用绷带,371
江航,371
禽流感,372
欧脉,372
华略电子,373
外阴炎,374
取悦,374
安琪纽特,375
病毒,375
哈贝高,376
维威,377
口腔溃疡,380
无纺布,381
老人,381
手术剪,383
血压计,384
骇客,385
澳天力,387
华佗牌,387
揉捏,389
雷霆,389
听诊器,389
永安康健,389
拉摩力拉,389
只装,390
手杖,392
东方人,393
鹰牌,394
眼花,395
民生,396
电动轮椅,396
胰岛素笔,397
佝偻病,399
痤疮,401
千金,402
尤维斯,402
集团,402
盒式,402
毓婷,403
江门,404
栓剂,405
止血,406
生命维他,406
尿频,407
三精,408
疖肿,409
头晕目眩,409
背光显示,410
药监械,410
艾科,411
雅培,412
无限极,412
医用棉签,413
鲁青,414
邦力健,416
合生元,416
太太,417
华佗,418
华信,418
奈氏力斯,419
鹰潭,420
维妥立,420
第六感,420
头癣,422
国珍,422
监械,422
贫血,423
风油精,423
秘鲁,424
族片,424
石斛,425
康扬,426
每日,426
肠胃炎,428
小便器,428
丽江,430
辽宁,430
冠心病,431
商城正品,432
调经养颜,433
芬兰,433
润肠通便,434
家得路,434
艾灸盒,434
碳酸钙,437
万通,437
优恩,437
制氧剂,437
西恩,438
肾阳虚,439
玫瑰精油,439
白色,439
肌肉酸痛,440
咽痒,441
尘螨,441
瘀肿,441
国妆特字,441
含服,442
泗滨宝,443
肌言堂,443
脱发,444
水泡,444
江中,445
天猫超市,447
气虚,448
紧绷型,448
长春,449
温灸器具,450
金仕康,451
叩击,454
巅峰,454
可孚,455
亚麻酸,455
瑞思迈,457
思维,460
感冒,461
胎语仪,465
颈部,466
胶囊型,467
含片,467
力康,467
脾虚,467
心神不宁,468
男科,470
饮料,470
肝胆用药,471
抗疲劳,471
腰部,471
钙片,471
面色萎黄,471
血压低,472
心脑血管,472
咽炎片,473
全身,473
儿童型,473
澳洲直邮,474
加厚坐垫,474
袋鼠精,476
逍遥丸,476
贴膏类,476
石家庄,477
滴眼剂,478
男女通用,480
河源,480
护膝,480
肢体麻木,480
多梦,481
仲景,482
久咳,484
餐桌,485
谷氨酰胺,485
骨痛贴,488
防后滑,489
血虚,490
床垫,490
薇婷,491
乐力,493
三贵,493
套装,498
美产安利,499
气血两亏,503
乏力,504
每次,506
针灸类,507
东阿阿胶,507
优康德,507
腰椎,509
补充钙,509
专柜正品,510
大轮稳固,510
医疗器械,511
渔夫堡,511
信乐,513
医用胶带,516
气管炎,518
面罩,518
心神失养,518
新乡,521
惠氏,523
避孕,523
鱼蛋白,524
恒寿堂,525
腰痛贴,525
纱布绷带,526
擦伤,526
酸痛,526
英维康,527
防雾霾,527
洗鼻器,527
消毒器械,529
南昌,530
跌打损伤,531
益诺,531
冰王,532
单水平,532
昂立,533
善元堂,534
天然,534
雅思,535
海龟,535
疝气带,536
昆明,539
秀儿,539
礼盒装,539
曼秀雷敦,540
原花青素,543
双水平,545
静佳,545
贝兴,547
美国原装,548
挫伤,552
富林,553
消毒,553
手足抽搐,554
安神补脑,555
滴眼,557
萃能,558
防尘,558
葡萄籽,559
角鲨烯,560
风湿痛,561
体重超重,562
食积证,562
肾精亏虚,563
葵花,564
特价,565
颈椎,566
纽乐,568
九安,569
片仔癀,570
经少,572
蔚达,575
无锡,575
攀高,576
孕妇,577
艾兰得,577
甲壳素,582
一品康,582
胎心仪,583
补钙,586
缺氧,588
伤口,588
西安,588
肽类,590
蒂芬妮,591
金华,593
迈克大夫,593
药物导入,595
食积不化,596
中山,600
烟台,601
针灸,602
大便秘结,603
鼻窦炎,613
杰诺,613
鼻痒,614
阴道给药,616
雾霾,617
其他脂类,617
飞利浦,619
减肥,623
中国大陆,625
哈药,626
英国,628
护腰,629
陕西,630
耳温,631
其它菌,632
护栏,634
头昏,635
优莎娜,635
药箱,635
跳蛋,637
碧生源,637
沈阳,638
呼吸配件,638
四川,642
肝肾亏虚,642
钙尔奇,643
淄博,643
褥疮垫,643
吉林,644
美国安利,645
豪华舒适,645
南宁,646
羚锐,647
成都,648
谜姬,651
毫克,652
重庆,653
法国,653
血虚头晕,658
食药监械,659
乐驰,659
打鼾,665
调经止痛,666
丹麦,666
济南,667
额温,670
拔罐类,672
冀衡,672
癣症,674
咽干,675
喜维家,675
干咳,678
神经衰弱,680
康麦斯,682
发烧,688
麻木,689
艾条,689
破溃,692
胃不适,693
造口袋,694
改善睡眠,696
水果香型,696
清利咽喉,699
带下量多,701
恶心,702
锯棕榈,703
创伤,703
食欲不振,704
瓶套餐,706
失眠症,708
脖子病,709
日本进口,710
开水冲服,714
雾化型,716
退热贴,717
落枕,717
姿美堂,718
粒装,718
花斑癣,722
非接触式,724
瘀血肿痛,725
花香型,728
棉签棉球,728
热敷,731
大汉酵素,733
珍珠粉,734
无线隐形,735
汉诺金,735
无添加,745
精氨酸,746
风寒湿痹,746
倍尔康,747
坏死,748
买一送一,750
口温,753
广西,754
营养屋,757
寡糖,757
语音播报,757
便厕用具,758
小儿感冒,758
支装,763
低聚糖,764
胃胀,765
瑞年,771
低血压,776
东莞,778
胃酸过多,779
关节红肿,780
康纽莱,780
刮痧类,785
滴剂,785
怡成,785
外阴瘙痒,785
薄型,787
拐杖类别,788
完美,793
反酸,796
红斑,797
溃疡,797
抗氧化,797
哈尔滨,799
脾胃不和,799
原装进口,803
海口,803
脾胃虚弱,804
斯旺森,808
行经腹痛,809
黑龙江,811
威士雅,811
名流,812
打喷嚏,818
其它,821
新声,823
补气补血,827
敷料,829
稳健实业,834
仁和,839
云南省,840
股癣,841
牡蛎,845
可生,853
红外线,854
蛋白粉,856
瑞迈特,859
恩百,864
胃炎,865
腋温,866
贴剂,867
家用,869
罗氏,872
肾亏虚,878
心律测量,879
腰腿酸痛,883
杰士邦,890
茶族,893
脾胃虚寒,895
绿瘦,895
蔓越莓,898
西门子,900
广东省,900
振动,900
佳禾,902
倍力乐,906
便秘,907
阴道炎,908
葛根,917
带手刹,918
血气不足,920
外科,924
茶多酚,925
脱皮,927
遗精,931
手癣,935
云南白药,939
创口贴,945
体癣,949
湿疹,950
任何肤质,955
海南,957
蜂产品,958
保健品,964
褥疮,969
安徽,974
食欲不佳,976
韩国,981
助行器,984
片装,985
官方正品,991
苹果酸,992
太阳神,992
手腕,996
麦金利,1000
盒装,1005
大卫,1006
惠普生,1007
口服散剂,1007
联合邦利,1012
盗汗,1014
耳鸣,1020
清热解毒,1029
足癣,1032
成人一次,1033
纽约直发,1034
海狗,1040
护理床,1041
呕吐,1052
绿健园,1058
磁疗,1061
天然元,1065
扭拉伤,1066
白云山,1067
肥胖,1067
海豹油,1068
轻便折叠,1070
活力达,1078
拔罐器,1080
虾青素,1081
河南,1083
肌肉疼痛,1083
泡腾片,1086
抗菌消炎,1086
人参银杏,1088
诺奥,1093
腰痛,1094
普通轮椅,1097
蓟类,1098
硅油润滑,1113
株式会社,1114
银杏,1118
强生,1124
男性,1127
牙痛,1131
云南,1136
颈椎痛,1137
纽徕佛,1140
行动不便,1143
月见草油,1152
海氏海诺,1153
肾阴亏,1172
风湿病,1174
针灸器具,1175
外用,1180
冈本,1180
爱司盟,1197
青岛,1199
低频降噪,1204
采血器,1209
普通型,1211
胃痛,1212
海王,1214
口干咽燥,1216
腹痛,1223
河北,1229
韧带损伤,1230
发育迟缓,1234
瓶装,1258
静音型,1260
浓缩丸,1268
痛经,1285
福建,1289
测量脉博,1295
男科用药,1300
舒适康,1300
纽斯葆,1307
气血两虚,1313
采血针,1313
生物电疗,1315
皮炎,1318
字体大,1333
包装规格,1340
蛋白质粉,1342
台湾,1343
神经痛,1353
铝合金,1363
震动器,1364
运动创伤,1370
卫妆准字,1377
腹胀,1387
呼吸机,1390
软膏剂,1391
理疗仪器,1392
儿童专用,1392
婴儿,1400
康富来,1432
互邦,1434
太极,1444
厦门,1445
口罩,1448
痰多,1482
其它蛋白,1489
红肿,1522
操作简单,1523
雾化器,1529
美澳健,1538
康乐保,1546
灵芝,1557
月经不调,1563
百合康,1564
失眠,1597
叶黄素,1599
腹泻,1600
澳佳宝,1607
轮椅种类,1610
佛山,1613
血糖仪器,1621
咳痰,1628
千林,1634
混合蛋白,1639
超薄型,1645
排卵试纸,1652
屏幕大,1654
其他功能,1660
健脾益肾,1667
肺气肿,1672
牛初乳,1673
头晕耳鸣,1679
金奥力,1691
善存,1707
禾博士,1726
拐杖,1734
钙镁,1754
适合肤质,1763
胡萝卜素,1767
越橘,1770
按摩器材,1774
按摩触头,1776
潮州,1788
稳健,1798
螺旋藻,1799
三诺,1814
咳嗽不爽,1824
康力士,1850
江西,1864
基础外科,1895
天津,1913
其它颜色,1914
十一坊,1928
外伤,1944
早孕试纸,1960
湖南,1980
叶酸,1996
女性,2012
骨折牵引,2018
钙铁锌,2023
简单普通,2028
疼痛,2054
养生堂,2060
扁桃体炎,2089
药品类别,2102
南京,2116
康宝莱,2136
美国进口,2143
澳琳达,2146
芦荟,2152
松果体素,2157
康祝,2173
腰肌劳损,2196
按摩原理,2214
长沙,2220
公司,2221
番茄红素,2228
呼吸困难,2233
试纸,2243
情侣系列,2245
男性系列,2265
麦斯泰克,2269
泰尔,2300
褪黑素,2328
益生菌,2333
恶寒,2341
湖北,2345
腰膝酸软,2357
咀嚼片,2362
早康,2369
武汉,2380
德国,2400
女性系列,2402
杭州,2415
健美生,2462
京药监械,2503
颜色,2515
孕产妇,2522
按摩手法,2537
族维生素,2563
无香型,2573
截瘫,2575
中青年,2608
瘙痒,2616
针头,2623
妇科,2642
膏药贴,2667
上臂,2689
附加功能,2695
全自动,2714
毫升,2715
肩周炎,2739
自慰器,2765
咽喉,2771
咽痛,2775
珠海,2783
偏瘫,2802
风湿骨痛,2816
氨基酸,2887
摔伤,2948
助听器,3022
血糖仪,3031
加拿大,3048
下肢残疾,3050
美瑞克斯,3051
制氧机,3061
无法站立,3126
港澳台,3133
材质,3138
发冷,3143
苏州,3195
复方制剂,3199
红桃,3203
测量部位,3211
皮肤外用,3247
美国直邮,3276
骨质增生,3293
浙江,3359
轮椅,3391
汕头,3393
大连,3426
康恩贝,3459
护具种类,3478
正品包邮,3493
修正,3512
体温计类,3542
台湾省,3544
关节痛,3553
理疗仪,3589
听力障碍,3607
鼻炎,3636
护具,3658
功能特点,3676
测量血压,3713
外观形状,3726
消化不良,3734
维矿物质,3741
润滑剂,3750
中号,3762
听力下降,3785
同仁堂,3799
杜蕾斯,3813
血压高,3869
耳聋,3935
厚薄,3949
左旋肉碱,3954
卵磷脂,3968
标称大小,3978
宽度,3978
胶乳,3978
直径,3979
咽喉肿痛,3989
材质成分,4082
辅酶,4198
康比特,4271
安利,4305
酵素,4325
新西兰,4336
关节炎,4344
中国,4439
头晕,4543
咽喉炎,4550
矿物质,4637
高原缺氧,4682
中医保健,4837
乳清蛋白,4857
解热镇痛,4874
血糖试纸,4892
冲剂,4919
肺水肿,4944
轮椅拐杖,4954
威海,5035
妇科用药,5049
颈椎病,5095
肠胃用药,5102
避孕套,5122
感冒咳嗽,5137
血压仪器,5141
果蔬纤维,5225
日本,5253
丸剂,5327
膳食纤维,5575
鱼油,5589
化学药,5729
深海鱼油,5753
高血压,5768
呼吸无力,5890
胶原蛋白,5921
普丽普莱,5997
保健功能,6091
软胶囊,6106
流涕,6152
上海,6469
鱼跃,6505
鼻塞,6510
成人用品,6522
肺炎,6714
香味,6744
气促,6791
正品,6862
深圳,6877
风寒感冒,6891
喘息气促,6912
适用部位,6931
头痛,6952
适宜人群,6992
低血糖症,7263
胸闷,7271
欧姆龙,7314
气喘,7322
江苏,7343
广州,7617
自然之宝,7676
咳喘,7681
澳大利亚,7696
大陆,7719
健安喜,7726
糖尿病,7962
风热感冒,8321
青少年,8356
哮喘,8484
老年,8569
山东,8626
北京,8718
汤臣倍健,8871
口服液,8881
其他,8980
医用用具,8993
颗粒,9020
支气管炎,9192
有限公司,9505
发热,9579
主要原料,10146
保健食品,10284
中老年,12293
咳嗽,12343
包邮,12672
非健字号,12705
粉剂,13637
功能,14410
其他品牌,14461
保健理疗,14925
安全套,15357
血糖用品,16380
器械,16455
儿童,16489
一次,17019
中药,17311
非处方药,18939
药品分类,18940
一日,19161
广东,20020
维生素,22696
健字号,22830
类别,24286
口服,24309
用法,26286
有效期,26289
使用剂量,26291
批准文号,29508
注册证号,30624
选购热点,41121
片剂,42144
胶囊,44220
城市,46942
美国,47313
国药准字,50454
省份,59723
不限,67865
通用,80693
成人,83089
适用性别,91734
计价单位,92461
保质期,92464
疾病,107709
症状,113363
个月,117589
产品剂型,133406
包装方式,139120
包装,139184
适用人群,201189
生产企业,202159
产地,213253
